Price,USD_JPY
Ticker,JPY=X
Date,
2018-01-01,112.66600036621094
2018-01-02,112.7699966430664
2018-01-03,112.24400329589844
2018-01-04,112.60700225830078
2018-01-05,112.78299713134766
2018-01-08,113.15399932861328
2018-01-09,113.14099884033203
2018-01-10,112.75499725341797
2018-01-11,111.44400024414062
2018-01-12,111.29399871826172
2018-01-15,111.0999984741211
2018-01-16,110.58100128173828
2018-01-17,110.38800048828125
2018-01-18,111.3759994506836
2018-01-19,111.0260009765625
2018-01-22,110.68399810791016
2018-01-23,110.96600341796875
2018-01-24,110.10700225830078
2018-01-25,109.32599639892578
2018-01-26,109.7040023803711
2018-01-29,108.63899993896484
2018-01-30,108.9260025024414
2018-01-31,108.73200225830078
2018-02-01,109.20099639892578
2018-02-02,109.40599822998047
2018-02-05,110.03500366210938
2018-02-06,109.09500122070312
2018-02-07,109.62699890136719
2018-02-08,109.19599914550781
2018-02-09,108.52899932861328
2018-02-12,108.80000305175781
2018-02-13,108.69000244140625
2018-02-14,107.76399993896484
2018-02-15,106.58699798583984
2018-02-16,106.11100006103516
2018-02-19,106.26100158691406
2018-02-20,106.70899963378906
2018-02-21,107.38099670410156
2018-02-22,107.55500030517578
2018-02-23,106.81400299072266
2018-02-26,107.0739974975586
2018-02-27,107.06900024414062
2018-02-28,107.4260025024414
2018-03-01,106.63999938964844
2018-03-02,106.16300201416016
2018-03-05,105.55599975585938
2018-03-06,106.25
2018-03-07,105.53700256347656
2018-03-08,106.18599700927734
2018-03-09,106.40599822998047
2018-03-12,106.89099884033203
2018-03-13,106.26000213623047
2018-03-14,106.50800323486328
2018-03-15,106.15499877929688
2018-03-16,106.30899810791016
2018-03-19,105.96900177001953
2018-03-20,105.99600219726562
2018-03-21,106.46900177001953
2018-03-22,105.92900085449219
2018-03-23,104.96800231933594
2018-03-26,104.85900115966797
2018-03-27,105.5
2018-03-28,105.49299621582031
2018-03-29,106.81199645996094
2018-03-30,106.47899627685547
2018-04-02,106.31199645996094
2018-04-03,105.79900360107422
2018-04-04,106.43599700927734
2018-04-05,106.77400207519531
2018-04-06,107.052001953125
2018-04-09,106.96800231933594
2018-04-10,106.7490005493164
2018-04-11,107.11299896240234
2018-04-12,106.8290023803711
2018-04-13,107.22200012207031
2018-04-16,107.49800109863281
2018-04-17,107.0459976196289
2018-04-18,107.01599884033203
2018-04-19,107.34600067138672
2018-04-20,107.43199920654297
2018-04-23,107.86900329589844
2018-04-24,108.76100158691406
2018-04-25,108.8030014038086
2018-04-26,109.36399841308594
2018-04-27,109.30000305175781
2018-04-30,109.0979995727539
2018-05-01,109.322998046875
2018-05-02,109.87200164794922
2018-05-03,109.8270034790039
2018-05-04,109.09600067138672
2018-05-07,109.14600372314453
2018-05-08,108.94300079345703
2018-05-09,109.02400207519531
2018-05-10,109.84700012207031
2018-05-11,109.43599700927734
2018-05-14,109.33799743652344
2018-05-15,109.73100280761719
2018-05-16,110.2969970703125
2018-05-17,110.35900115966797
2018-05-18,110.8280029296875
2018-05-21,110.87999725341797
2018-05-22,110.97799682617188
2018-05-23,110.72599792480469
2018-05-24,109.86900329589844
2018-05-25,109.31199645996094
2018-05-28,109.62300109863281
2018-05-29,109.38899993896484
2018-05-30,108.39399719238281
2018-05-31,108.71199798583984
2018-06-01,108.7490005493164
2018-06-04,109.5979995727539
2018-06-05,109.96299743652344
2018-06-06,109.85900115966797
2018-06-07,110.125
2018-06-08,109.69400024414062
2018-06-11,109.44300079345703
2018-06-12,110.38600158691406
2018-06-13,110.4520034790039
2018-06-14,110.24199676513672
2018-06-15,110.6449966430664
2018-06-18,110.61699676513672
2018-06-19,110.13800048828125
2018-06-20,110.07099914550781
2018-06-21,110.35199737548828
2018-06-22,109.9520034790039
2018-06-25,109.93699645996094
2018-06-26,109.64299774169922
2018-06-27,110.09700012207031
2018-06-28,110.21499633789062
2018-06-29,110.48600006103516
2018-07-02,110.70999908447266
2018-07-03,110.87100219726562
2018-07-04,110.40799713134766
2018-07-05,110.50199890136719
2018-07-06,110.5790023803711
2018-07-09,110.4219970703125
2018-07-10,110.9530029296875
2018-07-11,110.83100128173828
2018-07-12,111.95800018310547
2018-07-13,112.66500091552734
2018-07-16,112.39900207519531
2018-07-17,112.3740005493164
2018-07-18,113.01200103759766
2018-07-19,112.79100036621094
2018-07-20,112.36299896240234
2018-07-23,111.0530014038086
2018-07-24,111.45999908447266
2018-07-25,111.24099731445312
2018-07-26,110.84500122070312
2018-07-27,111.14600372314453
2018-07-30,110.93399810791016
2018-07-31,110.99400329589844
2018-08-01,111.80799865722656
2018-08-02,111.62000274658203
2018-08-03,111.69000244140625
2018-08-06,111.23400115966797
2018-08-07,111.33999633789062
2018-08-08,111.34500122070312
2018-08-09,110.89199829101562
2018-08-10,111.09100341796875
2018-08-13,110.62899780273438
2018-08-14,110.66100311279297
2018-08-15,111.24600219726562
2018-08-16,110.57599639892578
2018-08-17,111.00399780273438
2018-08-20,110.4749984741211
2018-08-21,109.947998046875
2018-08-22,110.13400268554688
2018-08-23,110.58799743652344
2018-08-24,111.36699676513672
2018-08-27,111.28199768066406
2018-08-28,111.13700103759766
2018-08-29,111.16200256347656
2018-08-30,111.71199798583984
2018-08-31,110.9990005493164
2018-09-03,111.14399719238281
2018-09-04,111.08799743652344
2018-09-05,111.46099853515625
2018-09-06,111.4489974975586
2018-09-07,110.49500274658203
2018-09-10,110.91999816894531
2018-09-11,111.14800262451172
2018-09-12,111.60700225830078
2018-09-13,111.22000122070312
2018-09-14,112.01200103759766
2018-09-17,111.9530029296875
2018-09-18,111.69000244140625
2018-09-19,112.2770004272461
2018-09-20,112.31700134277344
2018-09-21,112.49500274658203
2018-09-24,112.52400207519531
2018-09-25,112.78600311279297
2018-09-26,112.96900177001953
2018-09-27,112.7040023803711
2018-09-28,113.35700225830078
2018-10-01,113.7959976196289
2018-10-02,113.94599914550781
2018-10-03,113.5770034790039
2018-10-04,114.48600006103516
2018-10-05,113.89399719238281
2018-10-08,113.71499633789062
2018-10-09,113.09700012207031
2018-10-10,112.99800109863281
2018-10-11,112.09200286865234
2018-10-12,112.08000183105469
2018-10-15,112.19200134277344
2018-10-16,111.84100341796875
2018-10-17,112.34200286865234
2018-10-18,112.62799835205078
2018-10-19,112.18499755859375
2018-10-22,112.4800033569336
2018-10-23,112.75700378417969
2018-10-24,112.44400024414062
2018-10-25,112.01200103759766
2018-10-26,112.3499984741211
2018-10-29,111.90799713134766
2018-10-30,112.3239974975586
2018-10-31,113.052001953125
2018-11-01,112.85099792480469
2018-11-02,112.71499633789062
2018-11-05,113.13899993896484
2018-11-06,113.24600219726562
2018-11-07,113.36299896240234
2018-11-08,113.5469970703125
2018-11-09,113.9530029296875
2018-11-12,113.84600067138672
2018-11-13,113.69599914550781
2018-11-14,113.78900146484375
2018-11-15,113.56400299072266
2018-11-16,113.55500030517578
2018-11-19,112.7300033569336
2018-11-20,112.44300079345703
2018-11-21,112.7030029296875
2018-11-22,113.02100372314453
2018-11-23,112.97799682617188
2018-11-26,112.91899871826172
2018-11-27,113.50399780273438
2018-11-28,113.76699829101562
2018-11-29,113.55500030517578
2018-11-30,113.41100311279297
2018-12-03,113.76300048828125
2018-12-04,113.58699798583984
2018-12-05,112.6989974975586
2018-12-06,113.0510025024414
2018-12-07,112.68900299072266
2018-12-10,112.50199890136719
2018-12-11,113.18099975585938
2018-12-12,113.38400268554688
2018-12-13,113.28500366210938
2018-12-14,113.55999755859375
2018-12-17,113.38999938964844
2018-12-18,112.8290023803711
2018-12-19,112.52400207519531
2018-12-20,112.41000366210938
2018-12-21,111.1709976196289
2018-12-24,111.05400085449219
2018-12-25,110.31099700927734
2018-12-26,110.4020004272461
2018-12-27,111.20600128173828
2018-12-28,110.8550033569336
2018-12-31,110.33000183105469
2019-01-01,109.62999725341797
2019-01-02,109.66799926757812
2019-01-03,107.44100189208984
2019-01-04,107.80799865722656
2019-01-07,108.52200317382812
2019-01-08,108.61599731445312
2019-01-09,108.7760009765625
2019-01-10,108.18900299072266
2019-01-11,108.2979965209961
2019-01-14,108.45800018310547
2019-01-15,108.25
2019-01-16,108.64399719238281
2019-01-17,109.03700256347656
2019-01-18,109.15299987792969
2019-01-21,109.66100311279297
2019-01-22,109.66999816894531
2019-01-23,109.3550033569336
2019-01-24,109.49199676513672
2019-01-25,109.59700012207031
2019-01-28,109.4000015258789
2019-01-29,109.25399780273438
2019-01-30,109.41699981689453
2019-01-31,108.98100280761719
2019-02-01,108.84400177001953
2019-02-04,109.43800354003906
2019-02-05,109.96099853515625
2019-02-06,109.94100189208984
2019-02-07,109.9739990234375
2019-02-08,109.75599670410156
2019-02-11,109.80999755859375
2019-02-12,110.4000015258789
2019-02-13,110.51499938964844
2019-02-14,110.9229965209961
2019-02-15,110.53800201416016
2019-02-18,110.56400299072266
2019-02-19,110.59100341796875
2019-02-20,110.5719985961914
2019-02-21,110.76499938964844
2019-02-22,110.70800018310547
2019-02-25,110.77200317382812
2019-02-26,111.0459976196289
2019-02-27,110.55599975585938
2019-02-28,110.86199951171875
2019-03-01,111.35700225830078
2019-03-04,111.93800354003906
2019-03-05,111.7770004272461
2019-03-06,111.86599731445312
2019-03-07,111.62300109863281
2019-03-08,111.63400268554688
2019-03-11,111.08000183105469
2019-03-12,111.34200286865234
2019-03-13,111.30599975585938
2019-03-14,111.19599914550781
2019-03-15,111.75299835205078
2019-03-18,111.56099700927734
2019-03-19,111.37300109863281
2019-03-20,111.4010009765625
2019-03-21,110.66000366210938
2019-03-22,110.80599975585938
2019-03-25,110.08100128173828
2019-03-26,110.06800079345703
2019-03-27,110.55400085449219
2019-03-28,110.48999786376953
2019-03-29,110.63700103759766
2019-04-01,110.99500274658203
2019-04-02,111.45099639892578
2019-04-03,111.30500030517578
2019-04-04,111.3949966430664
2019-04-05,111.65799713134766
2019-04-08,111.71099853515625
2019-04-09,111.45600128173828
2019-04-10,111.1050033569336
2019-04-11,110.98500061035156
2019-04-12,111.62100219726562
2019-04-15,112.02799987792969
2019-04-16,111.94300079345703
2019-04-17,111.99299621582031
2019-04-18,112.03600311279297
2019-04-19,111.98899841308594
2019-04-22,111.91000366210938
2019-04-23,111.92900085449219
2019-04-24,111.87699890136719
2019-04-25,112.12999725341797
2019-04-26,111.53900146484375
2019-04-29,111.59300231933594
2019-04-30,111.677001953125
2019-05-01,111.3949966430664
2019-05-02,111.4520034790039
2019-05-03,111.49500274658203
2019-05-06,110.62300109863281
2019-05-07,110.80500030517578
2019-05-08,110.25700378417969
2019-05-09,110.02799987792969
2019-05-10,109.80699920654297
2019-05-13,109.65399932861328
2019-05-14,109.15399932861328
2019-05-15,109.6709976196289
2019-05-16,109.4749984741211
2019-05-17,109.87100219726562
2019-05-20,110.16000366210938
2019-05-21,110.06999969482422
2019-05-23,110.22100067138672
2019-05-24,109.55799865722656
2019-05-27,109.4010009765625
2019-05-28,109.50900268554688
2019-05-29,109.34600067138672
2019-05-30,109.54199981689453
2019-05-31,109.35700225830078
2019-06-03,108.21199798583984
2019-06-04,108.0270004272461
2019-06-05,108.25399780273438
2019-06-06,108.3280029296875
2019-06-07,108.4540023803711
2019-06-10,108.4489974975586
2019-06-11,108.35900115966797
2019-06-12,108.4739990234375
2019-06-13,108.48799896240234
2019-06-14,108.32099914550781
2019-06-17,108.57599639892578
2019-06-18,108.53900146484375
2019-06-19,108.572998046875
2019-06-20,108.11499786376953
2019-06-21,107.2770004272461
2019-06-24,107.31199645996094
2019-06-25,107.3270034790039
2019-06-26,107.16600036621094
2019-06-27,107.73799896240234
2019-06-28,107.74700164794922
2019-07-01,108.38200378417969
2019-07-02,108.36599731445312
2019-07-03,107.80500030517578
2019-07-04,107.77899932861328
2019-07-05,107.80799865722656
2019-07-08,108.4739990234375
2019-07-09,108.72100067138672
2019-07-10,108.92400360107422
2019-07-11,108.33399963378906
2019-07-12,108.58799743652344
2019-07-15,107.83200073242188
2019-07-16,107.88899993896484
2019-07-17,108.20099639892578
2019-07-18,107.93699645996094
2019-07-19,107.4010009765625
2019-07-22,107.80999755859375
2019-07-23,107.90399932861328
2019-07-24,108.23200225830078
2019-07-25,108.18900299072266
2019-07-26,108.66600036621094
2019-07-29,108.63300323486328
2019-07-30,108.86599731445312
2019-07-31,108.56199645996094
2019-08-01,108.81999969482422
2019-08-02,107.43099975585938
2019-08-05,106.5770034790039
2019-08-06,105.59300231933594
2019-08-07,106.33699798583984
2019-08-08,106.12100219726562
2019-08-09,105.8740005493164
2019-08-12,105.38200378417969
2019-08-13,105.35800170898438
2019-08-14,106.58999633789062
2019-08-15,105.91600036621094
2019-08-16,106.08300018310547
2019-08-19,106.43000030517578
2019-08-20,106.5739974975586
2019-08-21,106.27400207519531
2019-08-22,106.59700012207031
2019-08-23,106.46800231933594
2019-08-26,104.85199737548828
2019-08-27,105.97799682617188
2019-08-28,105.73799896240234
2019-08-29,106.06999969482422
2019-08-30,106.43800354003906
2019-09-02,106.12799835205078
2019-09-03,106.19300079345703
2019-09-04,105.86100006103516
2019-09-05,106.32499694824219
2019-09-06,107.0719985961914
2019-09-09,106.94499969482422
2019-09-10,107.33699798583984
2019-09-11,107.5999984741211
2019-09-12,108.02100372314453
2019-09-13,108.1760025024414
2019-09-16,107.76499938964844
2019-09-17,108.16100311279297
2019-09-18,108.08699798583984
2019-09-19,108.42500305175781
2019-09-20,108.04100036621094
2019-09-23,107.6520004272461
2019-09-24,107.61399841308594
2019-09-25,107.16300201416016
2019-09-26,107.69200134277344
2019-09-27,107.75599670410156
2019-09-30,107.94400024414062
2019-10-01,108.06900024414062
2019-10-02,107.73699951171875
2019-10-03,107.16300201416016
2019-10-04,106.82599639892578
2019-10-07,106.76399993896484
2019-10-08,107.2509994506836
2019-10-09,106.96099853515625
2019-10-10,107.1780014038086
2019-10-11,107.87999725341797
2019-10-14,108.45899963378906
2019-10-15,108.38800048828125
2019-10-16,108.81700134277344
2019-10-17,108.677001953125
2019-10-18,108.58100128173828
2019-10-21,108.40799713134766
2019-10-22,108.60099792480469
2019-10-23,108.48300170898438
2019-10-24,108.64199829101562
2019-10-25,108.60600280761719
2019-10-28,108.73400115966797
2019-10-29,108.96399688720703
2019-10-30,108.8740005493164
2019-10-31,108.78900146484375
2019-11-01,107.99600219726562
2019-11-04,108.22000122070312
2019-11-05,108.69400024414062
2019-11-06,109.14600372314453
2019-11-07,108.91300201416016
2019-11-08,109.27400207519531
2019-11-11,109.22599792480469
2019-11-12,109.04199981689453
2019-11-13,108.99299621582031
2019-11-14,108.7979965209961
2019-11-15,108.49199676513672
2019-11-18,108.6989974975586
2019-11-19,108.66200256347656
2019-11-20,108.44499969482422
2019-11-21,108.47799682617188
2019-11-22,108.58499908447266
2019-11-25,108.7300033569336
2019-11-26,108.99199676513672
2019-11-27,109.09700012207031
2019-11-28,109.36699676513672
2019-11-29,109.51200103759766
2019-12-02,109.53500366210938
2019-12-03,109.02200317382812
2019-12-04,108.65299987792969
2019-12-05,108.83200073242188
2019-12-06,108.73799896240234
2019-12-09,108.62699890136719
2019-12-10,108.58200073242188
2019-12-11,108.76399993896484
2019-12-12,108.54900360107422
2019-12-13,109.41300201416016
2019-12-16,109.4000015258789
2019-12-17,109.57599639892578
2019-12-18,109.51599884033203
2019-12-19,109.5510025024414
2019-12-20,109.38300323486328
2019-12-23,109.4990005493164
2019-12-24,109.38200378417969
2019-12-25,109.38300323486328
2019-12-26,109.36900329589844
2019-12-27,109.54199981689453
2019-12-30,109.4280014038086
2019-12-31,108.87300109863281
2020-01-01,108.68099975585938
2020-01-02,108.71299743652344
2020-01-03,108.54299926757812
2020-01-06,107.96399688720703
2020-01-07,108.40599822998047
2020-01-08,108.01599884033203
2020-01-09,109.03099822998047
2020-01-10,109.50700378417969
2020-01-13,109.56600189208984
2020-01-14,109.99199676513672
2020-01-15,109.85399627685547
2020-01-16,109.88300323486328
2020-01-17,110.17500305175781
2020-01-20,110.18000030517578
2020-01-21,110.1729965209961
2020-01-22,109.90799713134766
2020-01-23,109.72799682617188
2020-01-24,109.552001953125
2020-01-27,108.802001953125
2020-01-28,108.91999816894531
2020-01-29,109.13200378417969
2020-01-30,108.98699951171875
2020-01-31,108.87699890136719
2020-02-03,108.37200164794922
2020-02-04,108.61199951171875
2020-02-05,109.4469985961914
2020-02-06,109.81400299072266
2020-02-07,109.96800231933594
2020-02-10,109.6449966430664
2020-02-11,109.76599884033203
2020-02-12,109.84300231933594
2020-02-13,109.84600067138672
2020-02-14,109.75800323486328
2020-02-17,109.79100036621094
2020-02-18,109.83000183105469
2020-02-19,109.91899871826172
2020-02-20,111.20999908447266
2020-02-21,111.9540023803711
2020-02-24,111.55699920654297
2020-02-25,110.85700225830078
2020-02-26,110.28600311279297
2020-02-27,110.36299896240234
2020-02-28,109.66000366210938
2020-03-02,107.6969985961914
2020-03-03,108.48699951171875
2020-03-04,107.03700256347656
2020-03-05,107.677001953125
2020-03-06,106.24800109863281
2020-03-09,103.93800354003906
2020-03-10,103.11199951171875
2020-03-11,105.0260009765625
2020-03-12,104.55000305175781
2020-03-13,104.61000061035156
2020-03-16,106.68800354003906
2020-03-17,106.17500305175781
2020-03-18,107.37699890136719
2020-03-19,108.36000061035156
2020-03-20,111.29100036621094
2020-03-23,110.46199798583984
2020-03-24,110.8270034790039
2020-03-25,111.12000274658203
2020-03-26,110.8759994506836
2020-03-27,109.10900115966797
2020-03-30,107.41300201416016
2020-03-31,108.03500366210938
2020-04-01,107.50800323486328
2020-04-02,107.25700378417969
2020-04-03,108.0009994506836
2020-04-06,108.69300079345703
2020-04-07,109.11499786376953
2020-04-08,108.6510009765625
2020-04-09,108.9219970703125
2020-04-10,108.56099700927734
2020-04-13,108.33599853515625
2020-04-14,107.62300109863281
2020-04-15,107.10399627685547
2020-04-16,107.60900115966797
2020-04-17,107.94499969482422
2020-04-20,107.66999816894531
2020-04-21,107.66899871826172
2020-04-22,107.72100067138672
2020-04-23,107.81300354003906
2020-04-24,107.66699981689453
2020-04-27,107.49500274658203
2020-04-28,107.28299713134766
2020-04-29,106.74099731445312
2020-04-30,106.61000061035156
2020-05-01,107.28500366210938
2020-05-04,106.73799896240234
2020-05-05,106.6969985961914
2020-05-06,106.4520034790039
2020-05-07,106.19100189208984
2020-05-08,106.35900115966797
2020-05-11,106.91899871826172
2020-05-12,107.56600189208984
2020-05-13,107.13800048828125
2020-05-14,106.93299865722656
2020-05-15,107.36499786376953
2020-05-18,107.20800018310547
2020-05-19,107.38099670410156
2020-05-20,107.80999755859375
2020-05-21,107.59100341796875
2020-05-22,107.63099670410156
2020-05-25,107.73500061035156
2020-05-26,107.68699645996094
2020-05-27,107.49099731445312
2020-05-28,107.7979965209961
2020-05-29,107.64299774169922
2020-06-01,107.70800018310547
2020-06-02,107.5479965209961
2020-06-03,108.80899810791016
2020-06-04,108.9990005493164
2020-06-05,109.1500015258789
2020-06-08,109.63400268554688
2020-06-09,108.40899658203125
2020-06-10,107.7969970703125
2020-06-11,106.98100280761719
2020-06-12,106.8030014038086
2020-06-15,107.31099700927734
2020-06-16,107.46399688720703
2020-06-17,107.41000366210938
2020-06-18,106.89399719238281
2020-06-19,107.00599670410156
2020-06-22,106.83100128173828
2020-06-23,106.90299987792969
2020-06-24,106.43199920654297
2020-06-25,107.04399871826172
2020-06-26,107.15499877929688
2020-06-29,107.21800231933594
2020-06-30,107.58999633789062
2020-07-01,107.98899841308594
2020-07-02,107.36599731445312
2020-07-03,107.49700164794922
2020-07-06,107.5790023803711
2020-07-07,107.35900115966797
2020-07-08,107.5780029296875
2020-07-09,107.28299713134766
2020-07-10,107.23600006103516
2020-07-13,106.91000366210938
2020-07-14,107.2760009765625
2020-07-15,107.24500274658203
2020-07-16,106.91699981689453
2020-07-17,107.27799987792969
2020-07-20,107.08999633789062
2020-07-21,107.19599914550781
2020-07-22,106.83200073242188
2020-07-23,107.17500305175781
2020-07-24,106.83799743652344
2020-07-27,105.99299621582031
2020-07-28,105.26100158691406
2020-07-29,105.10700225830078
2020-07-30,105.03199768066406
2020-07-31,104.68299865722656
2020-08-03,105.86599731445312
2020-08-04,106.02999877929688
2020-08-05,105.61399841308594
2020-08-06,105.5530014038086
2020-08-07,105.58100128173828
2020-08-10,105.8499984741211
2020-08-11,105.99199676513672
2020-08-12,106.52100372314453
2020-08-13,106.8219985961914
2020-08-14,106.98600006103516
2020-08-17,106.55400085449219
2020-08-18,105.99500274658203
2020-08-19,105.2239990234375
2020-08-20,106.0790023803711
2020-08-21,105.66500091552734
2020-08-24,105.87699890136719
2020-08-25,105.99299621582031
2020-08-26,106.40499877929688
2020-08-27,105.85600280761719
2020-08-28,106.63700103759766
2020-08-31,105.53500366210938
2020-09-01,106.00399780273438
2020-09-02,105.89600372314453
2020-09-03,106.20800018310547
2020-09-04,106.08599853515625
2020-09-07,106.31099700927734
2020-09-08,106.30500030517578
2020-09-09,105.96800231933594
2020-09-10,106.23100280761719
2020-09-11,106.14299774169922
2020-09-14,106.1449966430664
2020-09-15,105.71499633789062
2020-09-16,105.38099670410156
2020-09-17,105.06199645996094
2020-09-18,104.697998046875
2020-09-21,104.53700256347656
2020-09-22,104.69000244140625
2020-09-23,105.03399658203125
2020-09-24,105.30400085449219
2020-09-25,105.43499755859375
2020-09-28,105.5739974975586
2020-09-29,105.43299865722656
2020-09-30,105.66400146484375
2020-10-01,105.45099639892578
2020-10-02,105.54299926757812
2020-10-05,105.51000213623047
2020-10-06,105.70700073242188
2020-10-07,105.63999938964844
2020-10-08,105.96499633789062
2020-10-09,106.01799774169922
2020-10-12,105.63200378417969
2020-10-13,105.33899688720703
2020-10-14,105.47000122070312
2020-10-15,105.13899993896484
2020-10-16,105.36000061035156
2020-10-19,105.427001953125
2020-10-20,105.47000122070312
2020-10-21,105.47699737548828
2020-10-22,104.6760025024414
2020-10-23,104.9209976196289
2020-10-26,104.68299865722656
2020-10-27,104.83200073242188
2020-10-28,104.54499816894531
2020-10-29,104.31500244140625
2020-10-30,104.55400085449219
2020-11-02,104.58000183105469
2020-11-03,104.7249984741211
2020-11-04,104.5459976196289
2020-11-05,104.43800354003906
2020-11-06,103.60299682617188
2020-11-09,103.25299835205078
2020-11-10,105.13700103759766
2020-11-11,105.26000213623047
2020-11-12,105.41500091552734
2020-11-13,105.08999633789062
2020-11-16,104.6760025024414
2020-11-17,104.54100036621094
2020-11-18,104.18099975585938
2020-11-19,103.89399719238281
2020-11-20,103.82499694824219
2020-11-23,103.81700134277344
2020-11-24,104.5250015258789
2020-11-25,104.51300048828125
2020-11-26,104.4000015258789
2020-11-27,104.24199676513672
2020-11-30,104.08200073242188
2020-12-01,104.29900360107422
2020-12-02,104.30899810791016
2020-12-03,104.45800018310547
2020-12-04,103.822998046875
2020-12-07,104.197998046875
2020-12-08,103.99800109863281
2020-12-09,104.13500213623047
2020-12-10,104.27200317382812
2020-12-11,104.18199920654297
2020-12-14,103.93900299072266
2020-12-15,104.01000213623047
2020-12-16,103.63400268554688
2020-12-17,103.4749984741211
2020-12-18,103.13099670410156
2020-12-21,103.45700073242188
2020-12-22,103.33999633789062
2020-12-23,103.53399658203125
2020-12-24,103.552001953125
2020-12-25,103.65299987792969
2020-12-28,103.53299713134766
2020-12-29,103.68900299072266
2020-12-30,103.55899810791016
2020-12-31,103.12100219726562
2021-01-01,103.22599792480469
2021-01-04,103.23899841308594
2021-01-05,103.125
2021-01-06,102.6780014038086
2021-01-07,103.02400207519531
2021-01-08,103.79000091552734
2021-01-11,104.09100341796875
2021-01-12,104.12799835205078
2021-01-13,103.75199890136719
2021-01-14,103.83699798583984
2021-01-15,103.8280029296875
2021-01-18,103.90799713134766
2021-01-19,103.7030029296875
2021-01-20,103.89700317382812
2021-01-21,103.55500030517578
2021-01-22,103.50599670410156
2021-01-25,103.7770004272461
2021-01-26,103.76000213623047
2021-01-27,103.60299682617188
2021-01-28,104.14299774169922
2021-01-29,104.29100036621094
2021-02-01,104.68599700927734
2021-02-02,104.88099670410156
2021-02-03,105.02799987792969
2021-02-04,104.99500274658203
2021-02-05,105.5719985961914
2021-02-08,105.4000015258789
2021-02-09,105.20999908447266
2021-02-10,104.57499694824219
2021-02-11,104.61499786376953
2021-02-12,104.74099731445312
2021-02-15,105.05899810791016
2021-02-16,105.38700103759766
2021-02-17,106.10299682617188
2021-02-18,105.86100006103516
2021-02-19,105.6520004272461
2021-02-22,105.51399993896484
2021-02-23,104.98400115966797
2021-02-24,105.28299713134766
2021-02-25,105.94400024414062
2021-02-26,106.37899780273438
2021-03-01,106.50299835205078
2021-03-02,106.85099792480469
2021-03-03,106.75800323486328
2021-03-04,107.05799865722656
2021-03-05,107.95500183105469
2021-03-08,108.41899871826172
2021-03-09,108.93900299072266
2021-03-10,108.5770034790039
2021-03-11,108.43199920654297
2021-03-12,108.55500030517578
2021-03-15,109.11699676513672
2021-03-16,109.13400268554688
2021-03-17,109.02899932861328
2021-03-18,108.89099884033203
2021-03-19,108.93099975585938
2021-03-22,108.87100219726562
2021-03-23,108.7760009765625
2021-03-24,108.5199966430664
2021-03-25,108.79000091552734
2021-03-26,109.17900085449219
2021-03-29,109.79100036621094
2021-03-30,109.83599853515625
2021-03-31,110.30500030517578
2021-04-01,110.75
2021-04-02,110.61299896240234
2021-04-05,110.677001953125
2021-04-06,110.19300079345703
2021-04-07,109.79299926757812
2021-04-08,109.85199737548828
2021-04-09,109.33000183105469
2021-04-12,109.69400024414062
2021-04-13,109.3740005493164
2021-04-14,108.92400360107422
2021-04-15,108.89399719238281
2021-04-16,108.68900299072266
2021-04-19,108.71900177001953
2021-04-20,108.0979995727539
2021-04-21,108.13300323486328
2021-04-22,108.03900146484375
2021-04-23,107.97799682617188
2021-04-26,107.8740005493164
2021-04-27,108.2020034790039
2021-04-28,108.75
2021-04-29,108.50499725341797
2021-04-30,108.90399932861328
2021-05-03,109.28299713134766
2021-05-04,109.08699798583984
2021-05-05,109.3290023803711
2021-05-06,109.21900177001953
2021-05-07,109.05000305175781
2021-05-10,108.5719985961914
2021-05-11,108.84400177001953
2021-05-12,108.71499633789062
2021-05-13,109.66400146484375
2021-05-14,109.51599884033203
2021-05-17,109.41200256347656
2021-05-18,109.24199676513672
2021-05-19,108.86799621582031
2021-05-20,109.27300262451172
2021-05-21,108.86000061035156
2021-05-24,108.91899871826172
2021-05-25,108.85099792480469
2021-05-26,108.802001953125
2021-05-27,109.16999816894531
2021-05-28,109.80899810791016
2021-05-31,109.90699768066406
2021-06-01,109.49299621582031
2021-06-02,109.49299621582031
2021-06-03,109.59500122070312
2021-06-04,110.26599884033203
2021-06-07,109.61699676513672
2021-06-08,109.27400207519531
2021-06-09,109.46900177001953
2021-06-10,109.61000061035156
2021-06-11,109.40899658203125
2021-06-14,109.70899963378906
2021-06-15,110.04100036621094
2021-06-16,110.08399963378906
2021-06-17,110.7699966430664
2021-06-18,110.32499694824219
2021-06-21,110.20099639892578
2021-06-22,110.3740005493164
2021-06-23,110.65399932861328
2021-06-24,111.01200103759766
2021-06-25,110.9209976196289
2021-06-28,110.8219985961914
2021-06-29,110.60299682617188
2021-06-30,110.53500366210938
2021-07-01,111.1240005493164
2021-07-02,111.5719985961914
2021-07-05,111.13500213623047
2021-07-06,110.91600036621094
2021-07-07,110.60199737548828
2021-07-08,110.63500213623047
2021-07-09,109.8010025024414
2021-07-12,110.21499633789062
2021-07-13,110.32499694824219
2021-07-14,110.59500122070312
2021-07-15,109.98400115966797
2021-07-16,109.77799987792969
2021-07-19,109.8740005493164
2021-07-20,109.53399658203125
2021-07-21,109.91999816894531
2021-07-22,110.25499725341797
2021-07-23,110.13999938964844
2021-07-26,110.54399871826172
2021-07-27,110.302001953125
2021-07-28,109.80599975585938
2021-07-29,109.89099884033203
2021-07-30,109.40899658203125
2021-08-02,109.70600128173828
2021-08-03,109.26899719238281
2021-08-04,108.99099731445312
2021-08-05,109.52899932861328
2021-08-06,109.75199890136719
2021-08-09,110.25900268554688
2021-08-10,110.30599975585938
2021-08-11,110.5979995727539
2021-08-12,110.3740005493164
2021-08-13,110.40299987792969
2021-08-16,109.6240005493164
2021-08-17,109.2969970703125
2021-08-18,109.53700256347656
2021-08-19,109.84200286865234
2021-08-20,109.76799774169922
2021-08-23,109.83999633789062
2021-08-24,109.6780014038086
2021-08-25,109.7300033569336
2021-08-26,109.97599792480469
2021-08-27,110.0479965209961
2021-08-30,109.86499786376953
2021-08-31,109.94400024414062
2021-09-01,110.05599975585938
2021-09-02,110.09600067138672
2021-09-03,109.94499969482422
2021-09-06,109.76399993896484
2021-09-07,109.81999969482422
2021-09-08,110.2959976196289
2021-09-09,110.21800231933594
2021-09-10,109.78099822998047
2021-09-13,109.91500091552734
2021-09-14,109.99400329589844
2021-09-15,109.71900177001953
2021-09-16,109.38300323486328
2021-09-17,109.6989974975586
2021-09-20,109.97100067138672
2021-09-21,109.43699645996094
2021-09-22,109.14900207519531
2021-09-23,109.8219985961914
2021-09-24,110.32599639892578
2021-09-27,110.76399993896484
2021-09-28,110.96399688720703
2021-09-29,111.52799987792969
2021-09-30,111.93599700927734
2021-10-01,111.46099853515625
2021-10-04,110.9469985961914
2021-10-05,110.96800231933594
2021-10-06,111.48699951171875
2021-10-07,111.41300201416016
2021-10-08,111.66200256347656
2021-10-11,112.2699966430664
2021-10-12,113.38800048828125
2021-10-13,113.51899719238281
2021-10-14,113.3010025024414
2021-10-15,113.83399963378906
2021-10-18,114.3239974975586
2021-10-19,114.28500366210938
2021-10-20,114.54299926757812
2021-10-21,114.38899993896484
2021-10-22,113.8499984741211
2021-10-25,113.66400146484375
2021-10-26,113.76499938964844
2021-10-27,114.18800354003906
2021-10-28,113.7760009765625
2021-10-29,113.61599731445312
2021-11-01,114.23600006103516
2021-11-02,114.09400177001953
2021-11-03,113.96199798583984
2021-11-04,114.06999969482422
2021-11-05,113.83699798583984
2021-11-08,113.4749984741211
2021-11-09,113.25399780273438
2021-11-10,112.91200256347656
2021-11-11,113.90499877929688
2021-11-12,114.04299926757812
2021-11-15,113.98100280761719
2021-11-16,114.13200378417969
2021-11-17,114.90399932861328
2021-11-18,114.19000244140625
2021-11-19,114.28199768066406
2021-11-22,114.13800048828125
2021-11-23,114.79000091552734
2021-11-24,115.14099884033203
2021-11-25,115.40799713134766
2021-11-26,115.06900024414062
2021-11-29,113.71900177001953
2021-11-30,113.80400085449219
2021-12-01,113.29900360107422
2021-12-02,112.88200378417969
2021-12-03,113.02200317382812
2021-12-06,113.04199981689453
2021-12-07,113.45800018310547
2021-12-08,113.5250015258789
2021-12-09,113.68399810791016
2021-12-10,113.447998046875
2021-12-13,113.5009994506836
2021-12-14,113.5770034790039
2021-12-15,113.74299621582031
2021-12-16,114.13600158691406
2021-12-17,113.66300201416016
2021-12-20,113.51799774169922
2021-12-21,113.66200256347656
2021-12-22,113.99400329589844
2021-12-23,114.12100219726562
2021-12-24,114.45800018310547
2021-12-27,114.33300018310547
2021-12-28,114.79199981689453
2021-12-29,114.77300262451172
2021-12-30,114.947998046875
2021-12-31,115.06300354003906
2022-01-03,115.14199829101562
2022-01-04,115.3280029296875
2022-01-05,116.17400360107422
2022-01-06,116.12799835205078
2022-01-07,115.86499786376953
2022-01-10,115.61799621582031
2022-01-11,115.27799987792969
2022-01-12,115.33100128173828
2022-01-13,114.67500305175781
2022-01-14,114.11799621582031
2022-01-17,114.30599975585938
2022-01-18,114.57099914550781
2022-01-19,114.55400085449219
2022-01-20,114.34700012207031
2022-01-21,113.99299621582031
2022-01-24,113.78500366210938
2022-01-25,114.01100158691406
2022-01-26,113.875
2022-01-27,114.72100067138672
2022-01-28,115.35199737548828
2022-01-31,115.26200103759766
2022-02-01,115.12100219726562
2022-02-02,114.73600006103516
2022-02-03,114.38200378417969
2022-02-04,114.95700073242188
2022-02-07,115.2239990234375
2022-02-08,115.06300354003906
2022-02-09,115.53099822998047
2022-02-10,115.60199737548828
2022-02-11,116.0469970703125
2022-02-14,115.58399963378906
2022-02-15,115.53600311279297
2022-02-16,115.63500213623047
2022-02-17,115.38700103759766
2022-02-18,114.86599731445312
2022-02-21,114.96099853515625
2022-02-22,114.60900115966797
2022-02-23,115.09600067138672
2022-02-24,114.89800262451172
2022-02-25,115.57099914550781
2022-02-28,115.58499908447266
2022-03-01,115.0780029296875
2022-03-02,114.83300018310547
2022-03-03,115.51899719238281
2022-03-04,115.4739990234375
2022-03-07,114.94999694824219
2022-03-08,115.37300109863281
2022-03-09,115.72200012207031
2022-03-10,115.90899658203125
2022-03-11,116.17900085449219
2022-03-14,117.52899932861328
2022-03-15,118.21800231933594
2022-03-16,118.29199981689453
2022-03-17,118.87000274658203
2022-03-18,118.48600006103516
2022-03-21,119.26300048828125
2022-03-22,119.59400177001953
2022-03-23,121.33999633789062
2022-03-24,121.12699890136719
2022-03-25,122.34600067138672
2022-03-28,122.2699966430664
2022-03-29,123.66000366210938
2022-03-30,123.125
2022-03-31,122.02100372314453
2022-04-01,121.75599670410156
2022-04-04,122.61000061035156
2022-04-05,122.80899810791016
2022-04-06,123.65599822998047
2022-04-07,123.7229995727539
2022-04-08,124.09600067138672
2022-04-11,124.38500213623047
2022-04-12,125.47200012207031
2022-04-13,125.41600036621094
2022-04-14,125.37699890136719
2022-04-15,126.17900085449219
2022-04-18,126.61799621582031
2022-04-19,127.0979995727539
2022-04-20,129.33299255371094
2022-04-21,128.01300048828125
2022-04-22,128.4080047607422
2022-04-25,128.60499572753906
2022-04-26,127.74400329589844
2022-04-27,127.26599884033203
2022-04-28,128.3939971923828
2022-04-29,130.81100463867188
2022-05-02,130.01100158691406
2022-05-03,130.11199951171875
2022-05-04,130.11599731445312
2022-05-05,129.22300720214844
2022-05-06,130.3300018310547
2022-05-09,130.74899291992188
2022-05-10,130.3769989013672
2022-05-11,130.3509979248047
2022-05-12,129.8350067138672
2022-05-13,128.58799743652344
2022-05-16,129.4320068359375
2022-05-17,128.92300415039062
2022-05-18,129.45399475097656
2022-05-19,127.91400146484375
2022-05-20,127.83200073242188
2022-05-23,127.90299987792969
2022-05-24,127.84600067138672
2022-05-25,126.76899719238281
2022-05-26,127.1520004272461
2022-05-27,127.04499816894531
2022-05-30,127.28500366210938
2022-05-31,127.78399658203125
2022-06-01,128.73599243164062
2022-06-02,130.1219940185547
2022-06-03,129.91799926757812
2022-06-06,130.70700073242188
2022-06-07,132.17599487304688
2022-06-08,132.8470001220703
2022-06-09,134.42999267578125
2022-06-10,134.41799926757812
2022-06-13,134.81399536132812
2022-06-14,134.22500610351562
2022-06-15,135.29400634765625
2022-06-16,134.11500549316406
2022-06-17,132.42100524902344
2022-06-20,135.2760009765625
2022-06-21,135.08700561523438
2022-06-22,136.2689971923828
2022-06-23,136.0240020751953
2022-06-24,134.83999633789062
2022-06-27,135.06199645996094
2022-06-28,135.43499755859375
2022-06-29,136.0469970703125
2022-06-30,136.58900451660156
2022-07-01,135.78599548339844
2022-07-04,135.04299926757812
2022-07-05,135.83999633789062
2022-07-06,135.52099609375
2022-07-07,135.96600341796875
2022-07-08,135.91299438476562
2022-07-11,136.30099487304688
2022-07-12,137.38800048828125
2022-07-13,136.7259979248047
2022-07-14,137.6280059814453
2022-07-15,138.9669952392578
2022-07-18,138.31399536132812
2022-07-19,138.22900390625
2022-07-20,138.1909942626953
2022-07-21,138.39500427246094
2022-07-22,137.09800720214844
2022-07-25,136.31199645996094
2022-07-26,136.43099975585938
2022-07-27,136.97000122070312
2022-07-28,136.11099243164062
2022-07-29,134.39700317382812
2022-08-01,133.40699768066406
2022-08-02,131.57200622558594
2022-08-03,133.37899780273438
2022-08-04,133.96200561523438
2022-08-05,132.62100219726562
2022-08-08,135.0570068359375
2022-08-09,134.83999633789062
2022-08-10,135.18699645996094
2022-08-11,132.8300018310547
2022-08-12,132.99400329589844
2022-08-15,133.28799438476562
2022-08-16,133.14300537109375
2022-08-17,134.27699279785156
2022-08-18,134.94400024414062
2022-08-19,135.7949981689453
2022-08-22,137.04100036621094
2022-08-23,137.54600524902344
2022-08-24,136.73300170898438
2022-08-25,137.08099365234375
2022-08-26,136.56300354003906
2022-08-29,137.52000427246094
2022-08-30,138.5959930419922
2022-08-31,138.73399353027344
2022-09-01,139.29600524902344
2022-09-02,140.08099365234375
2022-09-05,140.48699951171875
2022-09-06,140.42999267578125
2022-09-07,143.1510009765625
2022-09-08,144.1280059814453
2022-09-09,143.8560028076172
2022-09-12,142.5959930419922
2022-09-13,142.5850067138672
2022-09-14,144.4040069580078
2022-09-15,142.92300415039062
2022-09-16,143.36500549316406
2022-09-19,142.76499938964844
2022-09-20,143.22300720214844
2022-09-21,143.6020050048828
2022-09-22,144.3159942626953
2022-09-23,142.27999877929688
2022-09-26,143.51100158691406
2022-09-27,144.45899963378906
2022-09-28,144.6909942626953
2022-09-29,144.3979949951172
2022-09-30,144.43099975585938
2022-10-03,144.8159942626953
2022-10-04,144.5189971923828
2022-10-05,143.78700256347656
2022-10-06,144.44900512695312
2022-10-07,145.03900146484375
2022-10-10,145.48199462890625
2022-10-11,145.6739959716797
2022-10-12,145.8699951171875
2022-10-13,146.73699951171875
2022-10-14,147.29299926757812
2022-10-17,148.6320037841797
2022-10-18,148.9709930419922
2022-10-19,149.20899963378906
2022-10-20,149.8209991455078
2022-10-21,150.17599487304688
2022-10-24,147.81900024414062
2022-10-25,148.88699340820312
2022-10-26,147.97999572753906
2022-10-27,146.13400268554688
2022-10-28,146.2740020751953
2022-10-31,147.81199645996094
2022-11-01,148.73699951171875
2022-11-02,147.9149932861328
2022-11-03,147.89199829101562
2022-11-04,148.39300537109375
2022-11-07,146.84100341796875
2022-11-08,146.62399291992188
2022-11-09,145.2949981689453
2022-11-10,146.20899963378906
2022-11-11,141.73399353027344
2022-11-14,139.55299377441406
2022-11-15,140.11500549316406
2022-11-16,138.96499633789062
2022-11-17,139.32200622558594
2022-11-18,140.41200256347656
2022-11-21,140.2530059814453
2022-11-22,142.09800720214844
2022-11-23,141.15499877929688
2022-11-24,139.2779998779297
2022-11-25,138.60299682617188
2022-11-28,139.10000610351562
2022-11-29,138.718994140625
2022-11-30,138.7449951171875
2022-12-01,137.35899353027344
2022-12-02,135.14999389648438
2022-12-05,134.47500610351562
2022-12-06,136.65199279785156
2022-12-07,136.88600158691406
2022-12-08,136.38099670410156
2022-12-09,136.61399841308594
2022-12-12,136.71200561523438
2022-12-13,137.50399780273438
2022-12-14,135.58399963378906
2022-12-15,135.34800720214844
2022-12-16,137.75100708007812
2022-12-19,136.69000244140625
2022-12-20,136.9949951171875
2022-12-21,131.89199829101562
2022-12-22,132.3699951171875
2022-12-23,132.35699462890625
2022-12-26,132.7899932861328
2022-12-27,132.76400756835938
2022-12-28,133.48599243164062
2022-12-29,134.03399658203125
2022-12-30,132.91600036621094
2023-01-02,130.84500122070312
2023-01-03,130.79400634765625
2023-01-04,131.2480010986328
2023-01-05,132.24600219726562
2023-01-06,133.3070068359375
2023-01-09,131.86199951171875
2023-01-10,131.72900390625
2023-01-11,132.1009979248047
2023-01-12,131.90199279785156
2023-01-13,129.1719970703125
2023-01-16,128.0260009765625
2023-01-17,128.3209991455078
2023-01-18,128.281005859375
2023-01-19,128.53900146484375
2023-01-20,128.3699951171875
2023-01-23,129.35400390625
2023-01-24,130.5970001220703
2023-01-25,130.23899841308594
2023-01-26,129.23699951171875
2023-01-27,129.8000030517578
2023-01-30,129.85400390625
2023-01-31,130.47900390625
2023-02-01,130.11000061035156
2023-02-02,128.6219940185547
2023-02-03,128.74600219726562
2023-02-06,132.00900268554688
2023-02-07,132.6230010986328
2023-02-08,131.04200744628906
2023-02-09,131.38699340820312
2023-02-10,131.5189971923828
2023-02-13,131.55099487304688
2023-02-14,132.33700561523438
2023-02-15,132.99099731445312
2023-02-16,133.9029998779297
2023-02-17,134.07400512695312
2023-02-20,134.3070068359375
2023-02-21,134.33599853515625
2023-02-22,134.9759979248047
2023-02-23,134.9320068359375
2023-02-24,134.6280059814453
2023-02-27,136.39500427246094
2023-02-28,136.31700134277344
2023-03-01,136.34800720214844
2023-03-02,136.19400024414062
2023-03-03,136.7050018310547
2023-03-06,135.86000061035156
2023-03-07,135.99899291992188
2023-03-08,137.39100646972656
2023-03-09,137.2259979248047
2023-03-10,136.39500427246094
2023-03-13,134.97999572753906
2023-03-14,133.11399841308594
2023-03-15,134.39700317382812
2023-03-16,132.9290008544922
2023-03-17,133.3679962158203
2023-03-20,132.28399658203125
2023-03-21,131.39199829101562
2023-03-22,132.34800720214844
2023-03-23,131.1790008544922
2023-03-24,130.86500549316406
2023-03-27,130.8459930419922
2023-03-28,131.23300170898438
2023-03-29,131.04600524902344
2023-03-30,132.5760040283203
2023-03-31,133.2010040283203
2023-04-03,133.3470001220703
2023-04-04,132.2989959716797
2023-04-05,131.48500061035156
2023-04-06,130.9340057373047
2023-04-07,131.66900634765625
2023-04-10,132.0970001220703
2023-04-11,133.468994140625
2023-04-12,133.593994140625
2023-04-13,133.0850067138672
2023-04-14,132.48699951171875
2023-04-17,133.9709930419922
2023-04-18,134.4250030517578
2023-04-19,134.04400634765625
2023-04-20,134.70399475097656
2023-04-21,133.99600219726562
2023-04-24,133.96099853515625
2023-04-25,134.08399963378906
2023-04-26,133.71099853515625
2023-04-27,133.46499633789062
2023-04-28,133.802001953125
2023-05-01,136.38600158691406
2023-05-02,137.52099609375
2023-05-03,136.46600341796875
2023-05-04,134.54400634765625
2023-05-05,134.1790008544922
2023-05-08,135.19900512695312
2023-05-09,135.072998046875
2023-05-10,135.28799438476562
2023-05-11,134.08700561523438
2023-05-12,134.4980010986328
2023-05-15,135.82200622558594
2023-05-16,136.0449981689453
2023-05-17,136.42999267578125
2023-05-18,137.61399841308594
2023-05-19,138.6199951171875
2023-05-22,137.69200134277344
2023-05-23,138.6719970703125
2023-05-24,138.59800720214844
2023-05-25,139.2830047607422
2023-05-26,140.01699829101562
2023-05-29,140.87100219726562
2023-05-30,140.4409942626953
2023-05-31,139.79200744628906
2023-06-01,139.1269989013672
2023-06-02,138.7480010986328
2023-06-05,140.20700073242188
2023-06-06,139.38299560546875
2023-06-07,139.52699279785156
2023-06-08,139.8990020751953
2023-06-09,138.86300659179688
2023-06-12,139.37100219726562
2023-06-13,139.4600067138672
2023-06-14,140.177001953125
2023-06-15,139.9770050048828
2023-06-16,140.26800537109375
2023-06-19,141.86700439453125
2023-06-20,141.8990020751953
2023-06-21,141.3350067138672
2023-06-22,141.68800354003906
2023-06-23,143.02999877929688
2023-06-26,143.54100036621094
2023-06-27,143.4600067138672
2023-06-28,143.8820037841797
2023-06-29,144.38900756835938
2023-06-30,144.77999877929688
2023-07-03,144.3979949951172
2023-07-04,144.58399963378906
2023-07-05,144.406005859375
2023-07-06,144.48899841308594
2023-07-07,143.9510040283203
2023-07-10,142.20899963378906
2023-07-11,141.2969970703125
2023-07-12,140.1179962158203
2023-07-13,138.31500244140625
2023-07-14,138.0749969482422
2023-07-17,138.6820068359375
2023-07-18,138.72900390625
2023-07-19,139.02699279785156
2023-07-20,139.59800720214844
2023-07-21,139.86399841308594
2023-07-24,141.75
2023-07-25,141.52200317382812
2023-07-26,140.91299438476562
2023-07-27,140.36700439453125
2023-07-28,138.86399841308594
2023-07-31,140.75799560546875
2023-08-01,142.322998046875
2023-08-02,142.97000122070312
2023-08-03,143.343994140625
2023-08-04,142.59800720214844
2023-08-07,141.87600708007812
2023-08-08,142.5240020751953
2023-08-09,143.2779998779297
2023-08-10,143.7270050048828
2023-08-11,144.85400390625
2023-08-14,144.81700134277344
2023-08-15,145.43699645996094
2023-08-16,145.60800170898438
2023-08-17,146.33299255371094
2023-08-18,145.71400451660156
2023-08-21,145.30499267578125
2023-08-22,146.23800659179688
2023-08-23,145.76300048828125
2023-08-24,144.67300415039062
2023-08-25,146.06700134277344
2023-08-28,146.531005859375
2023-08-29,146.46400451660156
2023-08-30,145.98800659179688
2023-08-31,146.0989990234375
2023-09-01,145.47300720214844
2023-09-04,146.0570068359375
2023-09-05,146.54299926757812
2023-09-06,147.4709930419922
2023-09-07,147.70899963378906
2023-09-08,147.33099365234375
2023-09-11,147.11300659179688
2023-09-12,146.67799377441406
2023-09-13,147.1580047607422
2023-09-14,147.3459930419922
2023-09-15,147.48199462890625
2023-09-18,147.8679962158203
2023-09-19,147.60499572753906
2023-09-20,147.74200439453125
2023-09-21,148.3209991455078
2023-09-22,147.6439971923828
2023-09-25,148.4340057373047
2023-09-26,148.81100463867188
2023-09-27,149.0449981689453
2023-09-28,149.4980010986328
2023-09-29,149.33700561523438
2023-10-02,149.5399932861328
2023-10-03,149.8509979248047
2023-10-04,149.19200134277344
2023-10-05,148.96600341796875
2023-10-06,148.46299743652344
2023-10-09,149.16000366210938
2023-10-10,148.32699584960938
2023-10-11,148.6280059814453
2023-10-12,149.03599548339844
2023-10-13,149.7899932861328
2023-10-16,149.5659942626953
2023-10-17,149.5780029296875
2023-10-18,149.75900268554688
2023-10-19,149.74200439453125
2023-10-20,149.802001953125
2023-10-23,149.8800048828125
2023-10-24,149.7689971923828
2023-10-25,149.85400390625
2023-10-26,150.09800720214844
2023-10-27,150.36599731445312
2023-10-30,149.73300170898438
2023-10-31,149.11099243164062
2023-11-01,151.29400634765625
2023-11-02,150.5749969482422
2023-11-03,150.4969940185547
2023-11-06,149.44900512695312
2023-11-07,149.98899841308594
2023-11-08,150.39599609375
2023-11-09,150.86399841308594
2023-11-10,151.3489990234375
2023-11-13,151.468994140625
2023-11-14,151.64599609375
2023-11-15,150.48500061035156
2023-11-16,151.21499633789062
2023-11-17,150.7050018310547
2023-11-20,149.94200134277344
2023-11-21,148.36199951171875
2023-11-22,148.15199279785156
2023-11-23,149.4600067138672
2023-11-24,149.63499450683594
2023-11-27,149.5709991455078
2023-11-28,148.45199584960938
2023-11-29,147.06300354003906
2023-11-30,147.03900146484375
2023-12-01,147.99899291992188
2023-12-04,146.39300537109375
2023-12-05,147.32699584960938
2023-12-06,147.18499755859375
2023-12-07,147.1840057373047
2023-12-08,144.2779998779297
2023-12-11,144.98300170898438
2023-12-12,146.0850067138672
2023-12-13,145.27999877929688
2023-12-14,142.7729949951172
2023-12-15,142.2790069580078
2023-12-18,142.31300354003906
2023-12-19,142.7220001220703
2023-12-20,143.88900756835938
2023-12-21,143.5229949951172
2023-12-22,142.07000732421875
2023-12-25,142.3419952392578
2023-12-26,142.22999572753906
2023-12-27,142.46099853515625
2023-12-28,141.3990020751953
2023-12-29,141.42999267578125
2024-01-01,140.95199584960938
2024-01-02,141.12600708007812
2024-01-03,142.15499877929688
2024-01-04,142.99899291992188
2024-01-05,144.76499938964844
2024-01-08,144.71600341796875
2024-01-09,144.22999572753906
2024-01-10,144.42799377441406
2024-01-11,145.73399353027344
2024-01-12,145.04600524902344
2024-01-15,145.1490020751953
2024-01-16,145.79400634765625
2024-01-17,147.24600219726562
2024-01-18,148.1179962158203
2024-01-19,148.1280059814453
2024-01-22,148.12100219726562
2024-01-23,148.14199829101562
2024-01-24,148.25100708007812
2024-01-25,147.59100341796875
2024-01-26,147.72300720214844
2024-01-29,148.13999938964844
2024-01-30,147.46800231933594
2024-01-31,147.36900329589844
2024-02-01,146.99600219726562
2024-02-02,146.4510040283203
2024-02-05,148.50100708007812
2024-02-06,148.63999938964844
2024-02-07,147.8179931640625
2024-02-08,148.08599853515625
2024-02-09,149.25900268554688
2024-02-12,149.16700744628906
2024-02-13,149.40499877929688
2024-02-14,150.7239990234375
2024-02-15,150.54400634765625
2024-02-16,149.9459991455078
2024-02-19,150.09100341796875
2024-02-20,150.27000427246094
2024-02-21,149.93899536132812
2024-02-22,150.35499572753906
2024-02-23,150.48300170898438
2024-02-26,150.4980010986328
2024-02-27,150.5659942626953
2024-02-28,150.4949951171875
2024-02-29,150.656005859375
2024-03-01,150.09500122070312
2024-03-04,150.10499572753906
2024-03-05,150.46600341796875
2024-03-06,150.0489959716797
2024-03-07,149.2689971923828
2024-03-08,147.8679962158203
2024-03-11,146.7740020751953
2024-03-12,146.73199462890625
2024-03-13,147.61900329589844
2024-03-14,147.62100219726562
2024-03-15,148.29600524902344
2024-03-18,148.9550018310547
2024-03-19,149.1439971923828
2024-03-20,151.03500366210938
2024-03-21,150.75999450683594
2024-03-22,151.63299560546875
2024-03-25,151.30499267578125
2024-03-26,151.3730010986328
2024-03-27,151.52999877929688
2024-03-28,151.28700256347656
2024-03-29,151.44000244140625
2024-04-01,151.3979949951172
2024-04-02,151.58099365234375
2024-04-03,151.5399932861328
2024-04-04,151.58099365234375
2024-04-05,151.29200744628906
2024-04-08,151.69000244140625
2024-04-09,151.84300231933594
2024-04-10,151.77699279785156
2024-04-11,152.96400451660156
2024-04-12,153.19200134277344
2024-04-15,153.2830047607422
2024-04-16,154.20599365234375
2024-04-17,154.697998046875
2024-04-18,154.3419952392578
2024-04-19,154.61000061035156
2024-04-22,154.63999938964844
2024-04-23,154.81300354003906
2024-04-24,154.74400329589844
2024-04-25,155.25900268554688
2024-04-26,155.5970001220703
2024-04-29,158.2239990234375
2024-04-30,156.31399536132812
2024-05-01,157.7220001220703
2024-05-02,155.70399475097656
2024-05-03,153.0449981689453
2024-05-06,153.5659942626953
2024-05-07,154.23699951171875
2024-05-08,154.7480010986328
2024-05-09,155.41900634765625
2024-05-10,155.38900756835938
2024-05-13,155.8179931640625
2024-05-14,156.23300170898438
2024-05-15,156.4980010986328
2024-05-16,154.28199768066406
2024-05-17,155.37899780273438
2024-05-20,155.75399780273438
2024-05-21,156.3699951171875
2024-05-22,156.25100708007812
2024-05-23,156.70399475097656
2024-05-24,156.97300720214844
2024-05-27,156.8699951171875
2024-05-28,156.84500122070312
2024-05-29,157.26199340820312
2024-05-30,157.60800170898438
2024-05-31,156.9530029296875
2024-06-03,157.17999267578125
2024-06-04,156.0760040283203
2024-06-05,155.12399291992188
2024-06-06,155.9290008544922
2024-06-07,155.69700622558594
2024-06-10,156.83299255371094
2024-06-11,157.0399932861328
2024-06-12,157.10499572753906
2024-06-13,156.8000030517578
2024-06-14,157.1280059814453
2024-06-17,157.54600524902344
2024-06-18,157.6999969482422
2024-06-19,157.87100219726562
2024-06-20,157.95799255371094
2024-06-21,158.93099975585938
2024-06-24,159.86099243164062
2024-06-25,159.68600463867188
2024-06-26,159.68600463867188
2024-06-27,160.62100219726562
2024-06-28,160.68699645996094
2024-07-01,160.90699768066406
2024-07-02,161.51199340820312
2024-07-03,161.50399780273438
2024-07-04,161.62100219726562
2024-07-05,161.35800170898438
2024-07-08,160.63800048828125
2024-07-09,160.85699462890625
2024-07-10,161.33099365234375
2024-07-11,161.60699462890625
2024-07-12,158.2010040283203
2024-07-15,158.31300354003906
2024-07-16,158.14100646972656
2024-07-17,158.35000610351562
2024-07-18,155.68600463867188
2024-07-19,157.14999389648438
2024-07-22,157.4219970703125
2024-07-23,156.89100646972656
2024-07-24,155.76800537109375
2024-07-25,153.89100646972656
2024-07-26,153.69700622558594
2024-07-29,154.13900756835938
2024-07-30,153.83299255371094
2024-07-31,152.6699981689453
2024-08-01,149.74400329589844
2024-08-02,149.2010040283203
2024-08-05,145.58399963378906
2024-08-06,145.7899932861328
2024-08-07,144.73199462890625
2024-08-08,146.12399291992188
2024-08-09,147.66900634765625
2024-08-12,147.04200744628906
2024-08-13,146.98199462890625
2024-08-14,146.9709930419922
2024-08-15,147.2530059814453
2024-08-16,149.2220001220703
2024-08-19,147.95599365234375
2024-08-20,146.69900512695312
2024-08-21,145.3470001220703
2024-08-22,145.1179962158203
2024-08-23,146.20199584960938
2024-08-26,144.0
2024-08-27,144.51600646972656
2024-08-28,143.97500610351562
2024-08-29,144.43299865722656
2024-08-30,144.88999938964844
2024-09-02,146.38099670410156
2024-09-03,146.7220001220703
2024-09-04,145.35299682617188
2024-09-05,143.32400512695312
2024-09-06,143.39300537109375
2024-09-09,142.48599243164062
2024-09-10,143.177001953125
2024-09-11,142.23399353027344
2024-09-12,142.58999633789062
2024-09-13,141.49899291992188
2024-09-16,140.7899932861328
2024-09-17,140.7899932861328
2024-09-18,142.01499938964844
2024-09-19,142.7100067138672
2024-09-20,142.85800170898438
2024-09-23,144.00399780273438
2024-09-24,143.63800048828125
2024-09-25,142.96299743652344
2024-09-26,144.68299865722656
2024-09-27,145.0760040283203
2024-09-30,142.7830047607422
2024-10-01,143.7100067138672
2024-10-02,143.73599243164062
2024-10-03,146.58200073242188
2024-10-04,146.83999633789062
2024-10-07,148.82000732421875
2024-10-08,148.14599609375
2024-10-09,148.15899658203125
2024-10-10,149.16000366210938
2024-10-11,148.70399475097656
2024-10-14,149.33399963378906
2024-10-15,149.6699981689453
2024-10-16,149.0989990234375
2024-10-17,149.5760040283203
2024-10-18,150.10000610351562
2024-10-21,149.60000610351562
2024-10-22,150.60499572753906
2024-10-23,151.13800048828125
2024-10-24,152.7689971923828
2024-10-25,151.7830047607422
2024-10-28,152.95199584960938
2024-10-29,153.1790008544922
2024-10-30,153.2740020751953
2024-10-31,153.20399475097656
2024-11-01,151.97999572753906
2024-11-04,152.28700256347656
2024-11-05,152.2760009765625
2024-11-06,151.43499755859375
2024-11-07,154.32000732421875
2024-11-08,153.17999267578125
2024-11-11,152.9040069580078
2024-11-12,153.47999572753906
2024-11-13,154.65499877929688
2024-11-14,155.4290008544922
2024-11-15,156.46800231933594
2024-11-18,154.66400146484375
2024-11-19,154.61700439453125
2024-11-20,154.71800231933594
2024-11-21,155.2949981689453
2024-11-22,154.21800231933594
2024-11-25,154.14599609375
2024-11-26,154.3780059814453
2024-11-27,153.00900268554688
2024-11-28,151.33599853515625
2024-11-29,151.1739959716797
2024-12-02,149.8979949951172
2024-12-03,149.50799560546875
2024-12-04,149.64700317382812
2024-12-05,150.56700134277344
2024-12-06,150.20700073242188
2024-12-09,150.02999877929688
2024-12-10,151.4080047607422
2024-12-11,151.8070068359375
2024-12-12,152.2449951171875
2024-12-13,152.58700561523438
2024-12-16,153.4530029296875
2024-12-17,154.08599853515625
2024-12-18,153.57200622558594
2024-12-19,154.67300415039062
2024-12-20,157.6439971923828
2024-12-23,156.5330047607422
2024-12-24,157.1649932861328
2024-12-25,157.10699462890625
2024-12-26,157.13299560546875
2024-12-27,157.7480010986328
2024-12-30,157.8730010986328
2024-12-31,156.9949951171875
2025-01-02,157.718994140625
2025-01-03,157.36199951171875
2025-01-06,157.4810028076172
2025-01-07,157.7429962158203
2025-01-08,158.23599243164062
2025-01-09,158.19200134277344
2025-01-10,158.04800415039062
2025-01-13,157.88699340820312
2025-01-14,157.36399841308594
2025-01-15,158.0500030517578
2025-01-16,156.2550048828125
2025-01-17,155.3560028076172
2025-01-20,156.30599975585938
2025-01-21,155.24899291992188
2025-01-22,155.7740020751953
2025-01-23,156.44000244140625
2025-01-24,156.15499877929688
2025-01-27,155.74400329589844
2025-01-28,154.90899658203125
2025-01-29,155.5590057373047
2025-01-30,155.1699981689453
2025-01-31,154.0970001220703
2025-02-03,155.36300659179688
2025-02-04,155.27699279785156
2025-02-05,154.13299560546875
2025-02-06,152.6060028076172
2025-02-07,151.1929931640625
2025-02-10,151.8459930419922
2025-02-11,151.75900268554688
2025-02-12,152.73899841308594
2025-02-13,154.2550048828125
2025-02-14,152.98899841308594
2025-02-17,152.0229949951172
2025-02-18,151.44400024414062
2025-02-19,151.93099975585938
2025-02-20,151.22000122070312
2025-02-21,149.4080047607422
2025-02-24,149.38699340820312
2025-02-25,149.86399841308594
2025-02-26,149.0780029296875
2025-02-27,148.83799743652344
2025-02-28,150.01199340820312
2025-03-03,150.77099609375
2025-03-04,149.30499267578125
2025-03-05,149.7989959716797
2025-03-06,148.8979949951172
2025-03-07,148.10800170898438
2025-03-10,147.60800170898438
2025-03-11,147.06900024414062
2025-03-12,148.04200744628906
2025-03-13,148.2790069580078
2025-03-14,147.94900512695312
2025-03-17,148.59800720214844
2025-03-18,149.37899780273438
2025-03-19,149.45199584960938
2025-03-20,148.49000549316406
2025-03-21,148.5959930419922
2025-03-24,149.677001953125
2025-03-25,150.7740020751953
2025-03-26,149.9499969482422
2025-03-27,150.47300720214844
2025-03-28,150.8470001220703
2025-03-31,149.61700439453125
2025-04-01,149.91299438476562
2025-04-02,149.7830047607422
2025-04-03,147.8719940185547
2025-04-04,146.2310028076172
2025-04-07,145.43299865722656
2025-04-08,147.78900146484375
2025-04-09,145.84500122070312
2025-04-10,147.3990020751953
2025-04-11,143.7469940185547
2025-04-14,143.6959991455078
2025-04-15,143.2209930419922
2025-04-16,143.18099975585938
2025-04-17,141.92799377441406
2025-04-22,140.87600708007812
2025-04-23,142.68800354003906
2025-04-24,143.22300720214844
2025-04-25,142.87899780273438
2025-04-28,143.84100341796875
2025-04-29,142.17799377441406
2025-04-30,142.2989959716797
2025-05-01,143.00900268554688
2025-05-02,145.447998046875
2025-05-05,144.62399291992188
2025-05-06,143.6540069580078
2025-05-07,143.03500366210938
2025-05-08,143.84800720214844
2025-05-09,146.01499938964844
2025-05-12,145.81199645996094
2025-05-13,148.30999755859375
2025-05-14,147.5279998779297
2025-05-15,146.64999389648438
2025-05-16,145.61300659179688
2025-05-19,145.29800415039062
2025-05-20,144.97500610351562
2025-05-21,144.3280029296875
2025-05-22,143.7550048828125
2025-05-23,143.85800170898438
2025-05-26,142.86700439453125
2025-05-27,142.65499877929688
2025-05-28,144.177001953125
2025-05-29,145.69700622558594
2025-05-30,143.7790069580078
2025-06-02,143.81500244140625
2025-06-03,142.45199584960938
2025-06-04,143.83700561523438
2025-06-05,142.73199462890625
2025-06-06,143.54200744628906
2025-06-09,144.6909942626953
2025-06-10,144.5399932861328
2025-06-11,144.83799743652344
2025-06-12,144.2030029296875
2025-06-13,143.19400024414062
2025-06-16,144.09100341796875
2025-06-17,144.72900390625
2025-06-18,145.37600708007812
2025-06-19,144.9550018310547
2025-06-20,145.21800231933594
2025-06-23,146.2239990234375
2025-06-24,145.92799377441406
2025-06-25,144.95700073242188
2025-06-26,144.9040069580078
2025-06-27,144.69400024414062
2025-06-30,144.51699829101562
2025-07-01,143.8000030517578
2025-07-02,143.40199279785156
2025-07-03,143.5260009765625
2025-07-04,144.6820068359375
2025-07-07,144.4980010986328
2025-07-08,145.89199829101562
2025-07-09,146.8489990234375
2025-07-10,146.11399841308594
2025-07-11,146.28799438476562
2025-07-14,147.2949981689453
2025-07-15,147.79200744628906
2025-07-16,148.76100158691406
2025-07-17,148.0030059814453
2025-07-18,148.44200134277344
2025-07-21,148.43099975585938
2025-07-22,147.40899658203125
2025-07-23,146.78500366210938
2025-07-24,146.3489990234375
2025-07-25,147.0050048828125
2025-07-28,147.81300354003906
2025-07-29,148.47900390625
2025-07-30,148.44200134277344
2025-07-31,149.2259979248047
2025-08-01,150.77200317382812
2025-08-04,147.34300231933594
2025-08-05,146.79299926757812
2025-08-06,147.55999755859375
2025-08-07,147.1929931640625
2025-08-08,146.83700561523438
2025-08-11,147.66400146484375
2025-08-12,148.125
2025-08-13,147.75799560546875
2025-08-14,147.1199951171875
2025-08-15,147.6909942626953
2025-08-18,147.26400756835938
2025-08-19,147.91600036621094
2025-08-20,147.7310028076172
2025-08-21,147.3179931640625
2025-08-22,148.38600158691406
2025-08-25,147.21499633789062
2025-08-26,147.82200622558594
2025-08-27,147.46200561523438
2025-08-28,147.3159942626953
2025-08-29,146.7899932861328
2025-09-01,147.0970001220703
2025-09-02,147.08399963378906
2025-09-03,148.54800415039062
2025-09-04,147.97999572753906
2025-09-05,148.375
2025-09-08,148.343994140625
2025-09-09,147.36399841308594
2025-09-10,147.39199829101562
2025-09-11,147.33200073242188
2025-09-12,147.2239990234375
2025-09-15,147.66600036621094
2025-09-16,147.40499877929688
2025-09-17,146.41299438476562
2025-09-18,146.89100646972656
2025-09-19,147.94700622558594
2025-09-22,148.09500122070312
2025-09-23,147.72500610351562
2025-09-24,147.61300659179688
2025-09-25,148.75100708007812
2025-09-26,149.45399475097656
