Code,filerName,TotalFiles,FirstSubmission,LastSubmission,その他,2018,2019,2020,2021,2022,2023,2024,2025,2026
1332,日本水産株式会社,14,2018-06-27 15:38:00,2022-11-11 13:07:00,14,1,1,4,4,4,0,0,0,0
1332,株式会社ニッスイ,15,2018-02-13 09:39:00,2025-11-13 10:58:00,15,3,3,0,0,0,4,3,2,0
135A,株式会社ＶＲＡＩＮ　Ｓｏｌｕｔｉｏｎ,5,2024-05-29 17:00:00,2025-10-14 16:01:00,5,0,0,0,0,0,0,3,2,0
1414,ショーボンドホールディングス株式会社,31,2018-02-13 09:24:00,2025-09-25 09:10:00,31,4,5,4,4,4,5,3,2,0
1419,タマホーム株式会社,30,2018-01-12 15:32:00,2026-01-13 15:30:00,30,4,4,4,4,4,4,3,2,1
141A,株式会社トライアルホールディングス,4,2024-05-14 16:00:00,2025-09-26 16:00:00,4,0,0,0,0,0,0,2,2,0
1431,株式会社Ｌｉｂ　Ｗｏｒｋ,34,2018-02-13 09:45:00,2025-09-24 15:40:00,34,4,5,4,4,5,4,6,2,0
1436,株式会社グリーンエナジー＆カンパニー,3,2024-12-10 16:04:00,2025-12-09 15:42:00,3,0,0,0,0,0,0,1,2,0
1436,株式会社フィット,25,2018-03-12 13:06:00,2024-03-11 15:22:00,25,4,4,4,4,4,4,1,0,0
1436,株式会社ＧｒｅｅｎＥｎｅｒｇｙ＆Ｃｏｍｐａｎｙ,1,2024-07-26 11:01:00,2024-07-26 11:01:00,1,0,0,0,0,0,0,1,0,0
1447,ＩＴｂｏｏｋホールディングス株式会社,35,2019-02-14 17:15:00,2024-06-28 11:31:00,35,0,4,4,5,5,15,2,0,0
1447,ＳＡＡＦホールディングス株式会社,3,2024-11-14 15:45:00,2025-11-14 16:01:00,3,0,0,0,0,0,0,1,2,0
147A,株式会社ソラコム,4,2024-06-26 13:44:00,2025-11-13 15:30:00,4,0,0,0,0,0,0,2,2,0
1518,三井松島ホールディングス株式会社,32,2018-02-09 14:13:00,2025-11-07 16:07:00,32,7,4,4,4,4,4,3,2,0
151A,株式会社ダイブ,4,2024-05-10 15:00:00,2025-09-24 15:30:00,4,0,0,0,0,0,0,2,2,0
153A,株式会社カウリス,5,2024-03-29 17:11:00,2025-08-14 15:30:00,5,0,0,0,0,0,0,3,2,0
156A,マテリアルグループ株式会社,5,2024-04-12 15:02:00,2025-11-26 15:30:00,5,0,0,0,0,0,0,3,2,0
1605,国際石油開発帝石株式会社,7,2018-06-27 13:07:00,2021-03-26 13:10:00,7,1,1,4,1,0,0,0,0,0
1605,株式会社ＩＮＰＥＸ,22,2018-02-13 13:06:00,2025-08-12 14:09:00,22,3,3,0,3,4,4,3,2,0
165A,ＳＢＩレオスひふみ株式会社,3,2024-11-08 09:03:00,2025-11-14 09:00:00,3,0,0,0,0,0,0,1,2,0
1662,石油資源開発株式会社,36,2018-02-13 14:51:00,2025-11-12 14:17:00,36,4,4,4,4,5,6,4,5,0
166A,株式会社タスキホールディングス,3,2024-12-20 15:59:00,2025-12-19 14:20:00,3,0,0,0,0,0,0,1,2,0
1719,株式会社安藤・間,29,2018-02-08 15:41:00,2025-11-07 14:27:00,29,4,4,4,4,4,4,3,2,0
1721,コムシスホールディングス株式会社,29,2018-02-08 15:01:00,2025-11-11 09:35:00,29,4,4,4,4,4,4,3,2,0
176A,レジル株式会社,5,2024-05-15 15:00:00,2025-09-26 13:18:00,5,0,0,0,0,0,0,2,3,0
177A,コージンバイオ株式会社,4,2024-06-28 15:00:00,2025-11-13 15:30:00,4,0,0,0,0,0,0,2,2,0
1801,大成建設株式会社,29,2018-02-09 09:36:00,2025-11-12 10:00:00,29,4,4,4,4,4,4,3,2,0
1802,株式会社大林組,30,2018-02-14 09:35:00,2025-11-06 09:22:00,30,4,4,4,5,4,4,3,2,0
1803,清水建設株式会社,30,2018-02-09 10:23:00,2025-11-10 16:48:00,30,5,4,4,4,4,4,3,2,0
1808,株式会社　長谷工コーポレーション,30,2018-02-09 15:37:00,2025-11-12 15:30:00,30,5,4,4,4,4,4,3,2,0
1812,鹿島建設株式会社,29,2018-02-14 10:49:00,2025-11-12 10:04:00,29,4,4,4,4,4,4,3,2,0
186A,株式会社アストロスケールホールディングス,4,2024-07-30 16:46:00,2025-12-12 16:03:00,4,0,0,0,0,0,0,2,2,0
1878,大東建託株式会社,31,2018-02-07 13:40:00,2025-11-14 11:30:00,31,4,4,4,4,5,5,3,2,0
190A,Ｃｈｏｒｄｉａ　Ｔｈｅｒａｐｅｕｔｉｃｓ株式会社,4,2024-07-16 13:55:00,2025-11-21 13:00:00,4,0,0,0,0,0,0,2,2,0
1911,住友林業株式会社,33,2018-02-09 09:59:00,2025-08-12 14:47:00,33,5,4,4,5,5,4,4,2,0
1925,大和ハウス工業株式会社,30,2018-02-13 09:56:00,2025-11-14 14:17:00,30,5,4,4,4,4,4,3,2,0
1928,積水ハウス株式会社,30,2018-04-27 11:27:00,2025-09-12 09:05:00,30,4,5,4,4,4,4,3,2,0
192A,インテグループ株式会社,4,2024-08-28 16:29:00,2026-01-14 15:56:00,4,0,0,0,0,0,0,1,2,1
1942,株式会社関電工,30,2018-02-14 09:16:00,2025-11-14 09:13:00,30,4,4,4,4,4,4,3,3,0
194A,株式会社ＷＯＬＶＥＳ　ＨＡＮＤ,3,2024-09-26 15:54:00,2025-09-26 16:28:00,3,0,0,0,0,0,0,1,2,0
1951,エクシオグループ株式会社,22,2018-02-06 15:20:00,2025-11-07 15:00:00,22,3,4,0,1,5,4,3,2,0
1951,株式会社協和エクシオ,9,2018-06-22 15:00:00,2021-08-06 15:20:00,9,1,1,4,3,0,0,0,0,0
1959,株式会社クラフティア,1,2025-11-13 16:00:00,2025-11-13 16:00:00,1,0,0,0,0,0,0,0,1,0
1959,株式会社九電工,28,2018-02-09 11:11:00,2025-06-25 14:40:00,28,4,4,4,4,4,4,3,1,0
1963,日揮ホールディングス株式会社,27,2018-02-08 13:06:00,2025-11-11 15:58:00,27,3,3,4,4,4,4,3,2,0
1963,日揮株式会社,2,2018-06-28 13:22:00,2019-06-27 13:26:00,2,1,1,0,0,0,0,0,0,0
1969,高砂熱学工業株式会社,29,2018-02-08 15:07:00,2025-11-14 12:55:00,29,4,4,4,4,4,4,3,2,0
198A,ＰｏｓｔＰｒｉｍｅ株式会社,4,2024-08-28 10:22:00,2026-01-14 15:33:00,4,0,0,0,0,0,0,1,2,1
2002,株式会社日清製粉グループ本社,32,2018-01-23 14:20:00,2025-11-10 11:04:00,32,5,4,5,4,4,4,4,2,0
202A,株式会社豆蔵デジタルホールディングス,4,2024-06-28 15:24:00,2025-11-14 15:33:00,4,0,0,0,0,0,0,2,2,0
205A,株式会社ロゴスホールディングス,4,2024-08-30 11:39:00,2026-01-14 15:38:00,4,0,0,0,0,0,0,1,2,1
206A,株式会社ＰＲＩＳＭ　ＢｉｏＬａｂ,3,2024-12-27 15:32:00,2025-12-24 15:30:00,3,0,0,0,0,0,0,1,2,0
2124,株式会社ジェイエイシーリクルートメント,29,2018-03-23 15:02:00,2025-08-12 15:37:00,29,4,4,4,4,4,4,3,2,0
2127,株式会社日本Ｍ＆Ａセンター,10,2018-06-26 15:31:00,2021-08-12 13:21:00,10,1,2,4,3,0,0,0,0,0
2127,株式会社日本Ｍ＆Ａセンターホールディングス,27,2018-02-09 15:16:00,2025-11-12 13:20:00,27,3,4,0,1,10,4,3,2,0
2154,株式会社オープンアップグループ,15,2018-02-13 10:58:00,2025-09-22 15:30:00,15,3,3,0,0,0,4,3,2,0
2154,株式会社トラスト・テック,2,2018-09-25 14:41:00,2019-09-30 16:08:00,2,1,1,0,0,0,0,0,0,0
2154,株式会社ビーネックスグループ,5,2020-02-14 15:04:00,2021-02-12 15:00:00,5,0,0,4,1,0,0,0,0,0
2154,株式会社夢真ビーネックスグループ,8,2021-05-14 16:00:00,2022-11-07 15:00:00,8,0,0,0,3,5,0,0,0,0
2158,株式会社ＦＲＯＮＴＥＯ,34,2018-02-14 16:00:00,2025-11-14 16:00:00,34,6,4,4,5,4,4,5,2,0
215A,株式会社タイミー,2,2025-01-29 15:30:00,2025-06-12 15:30:00,2,0,0,0,0,0,0,0,2,0
2160,株式会社ジーエヌアイグループ,39,2018-03-30 15:22:00,2025-08-14 16:30:00,39,4,12,5,4,5,4,3,2,0
2168,株式会社パソナグループ,32,2018-01-12 17:10:00,2026-01-14 15:30:00,32,4,4,4,4,6,4,3,2,1
2173,株式会社博展,31,2018-02-09 09:06:00,2025-08-07 11:30:00,31,4,4,4,5,4,5,3,2,0
2181,パーソルホールディングス株式会社,34,2018-02-14 15:37:00,2025-11-11 15:30:00,34,4,4,4,4,4,4,7,3,0
218A,株式会社Ｌｉｂｅｒａｗａｒｅ,3,2024-10-31 13:21:00,2025-10-31 15:35:00,3,0,0,0,0,0,0,1,2,0
2195,アミタホールディングス株式会社,29,2018-03-28 15:30:00,2025-08-13 15:30:00,29,4,4,4,4,4,4,3,2,0
219A,Ｈｅａｒｔｓｅｅｄ株式会社,2,2025-01-27 10:00:00,2025-06-12 15:30:00,2,0,0,0,0,0,0,0,2,0
2201,森永製菓株式会社,29,2018-02-13 09:51:00,2025-11-13 10:11:00,29,4,4,4,4,4,4,3,2,0
2222,寿スピリッツ株式会社,29,2018-02-13 09:04:00,2025-11-14 09:06:00,29,4,4,4,4,4,4,3,2,0
2229,カルビー株式会社,31,2018-02-09 15:20:00,2025-11-10 15:35:00,31,5,4,4,4,4,5,3,2,0
2264,森永乳業株式会社,32,2018-02-08 09:34:00,2025-11-12 09:18:00,32,4,4,4,4,4,4,3,5,0
2267,株式会社ヤクルト本社,29,2018-02-13 10:22:00,2025-11-14 14:54:00,29,4,4,4,4,4,4,3,2,0
2269,明治ホールディングス株式会社,39,2018-02-09 10:44:00,2025-11-13 15:46:00,39,5,6,5,5,8,4,4,2,0
2282,日本ハム株式会社,31,2018-02-06 14:02:00,2025-11-10 15:24:00,31,4,4,5,4,5,4,3,2,0
228A,株式会社オプロ,3,2025-02-28 10:21:00,2025-07-10 15:31:00,3,0,0,0,0,0,0,0,3,0
2317,株式会社システナ,29,2018-02-06 09:15:00,2025-11-11 09:46:00,29,4,4,4,4,4,4,3,2,0
2327,日鉄ソリューションズ株式会社,41,2018-02-09 11:03:00,2025-11-07 11:04:00,41,4,4,16,4,4,4,3,2,0
2370,株式会社メディネット,29,2018-02-14 15:10:00,2025-12-17 15:32:00,29,4,4,4,4,4,4,3,2,0
2371,株式会社カカクコム,31,2018-02-09 11:05:00,2025-11-07 11:56:00,31,5,4,4,4,4,5,3,2,0
2379,ディップ株式会社,30,2018-01-12 14:09:00,2025-10-14 15:39:00,30,4,4,4,4,4,4,4,2,0
2384,ＳＢＳホールディングス株式会社,29,2018-03-27 15:01:00,2025-08-08 15:31:00,29,4,4,4,4,4,4,3,2,0
2413,エムスリー株式会社,30,2018-02-09 09:57:00,2025-11-14 15:30:00,30,5,4,4,4,4,4,3,2,0
241A,株式会社ＲＯＸＸ,5,2024-12-19 09:00:00,2025-12-25 16:57:00,5,0,0,0,0,0,0,1,4,0
2432,株式会社ディー・エヌ・エー,31,2018-02-09 10:08:00,2025-11-10 15:52:00,31,4,4,4,4,5,4,4,2,0
2438,株式会社アスカネット,30,2018-03-14 09:02:00,2025-12-12 09:09:00,30,4,4,4,4,5,4,3,2,0
244A,グロースエクスパートナーズ株式会社,3,2024-11-29 15:30:00,2025-11-26 15:00:00,3,0,0,0,0,0,0,1,2,0
245A,株式会社ＩＮＧＳ,3,2024-11-29 17:13:00,2025-11-27 15:00:00,3,0,0,0,0,0,0,1,2,0
246A,株式会社アスア,3,2024-09-30 15:24:00,2025-09-26 16:00:00,3,0,0,0,0,0,0,1,2,0
247A,Ａｉロボティクス株式会社,3,2024-11-14 11:05:00,2025-11-14 16:30:00,3,0,0,0,0,0,0,1,2,0
248A,株式会社キッズスター,2,2025-03-27 15:00:00,2025-08-14 15:30:00,2,0,0,0,0,0,0,0,2,0
2497,ユナイテッド株式会社,31,2018-01-31 15:35:00,2025-11-06 15:30:00,31,4,4,5,4,5,4,3,2,0
2501,サッポロホールディングス株式会社,29,2018-03-30 09:30:00,2025-08-08 13:41:00,29,4,4,4,4,4,4,3,2,0
2502,アサヒグループホールディングス株式会社,30,2018-03-28 11:28:00,2025-08-07 11:30:00,30,4,4,4,4,5,4,3,2,0
2503,キリンホールディングス株式会社,30,2018-03-29 15:12:00,2025-08-08 15:04:00,30,5,4,4,4,4,4,3,2,0
2531,宝ホールディングス株式会社,30,2018-02-09 09:08:00,2025-11-12 09:26:00,30,4,4,4,4,4,5,3,2,0
2587,サントリー食品インターナショナル株式会社,33,2018-03-30 11:12:00,2025-08-08 11:19:00,33,4,4,4,6,4,4,4,3,0
2670,株式会社エービーシー・マート,34,2018-01-11 09:05:00,2025-10-09 09:00:00,34,4,4,4,4,8,4,4,2,0
2678,アスクル株式会社,30,2018-03-26 15:00:00,2025-07-30 15:36:00,30,4,4,4,5,4,5,3,1,0
2685,株式会社アダストリア,29,2018-01-12 10:12:00,2025-05-30 10:43:00,29,4,4,4,4,4,4,4,1,0
2685,株式会社アンドエスティＨＤ,1,2025-10-15 10:18:00,2025-10-15 10:18:00,1,0,0,0,0,0,0,0,1,0
2702,日本マクドナルドホールディングス株式会社,29,2018-03-29 15:01:00,2025-08-12 16:36:00,29,4,4,4,4,4,4,3,2,0
2726,株式会社パルグループホールディングス,34,2018-01-12 09:12:00,2025-10-07 15:50:00,34,4,4,4,4,4,5,4,5,0
2760,東京エレクトロンデバイス株式会社,29,2018-02-07 14:39:00,2025-11-11 15:36:00,29,4,4,4,4,4,4,3,2,0
2767,フィールズ株式会社,16,2018-06-20 16:30:00,2022-08-08 15:00:00,16,1,1,7,4,3,0,0,0,0
2767,円谷フィールズホールディングス株式会社,19,2018-02-13 15:00:00,2025-11-07 15:30:00,19,3,3,2,0,1,4,4,2,0
2768,双日株式会社,31,2018-02-09 13:27:00,2025-11-11 14:20:00,31,4,4,4,5,4,4,4,2,0
2801,キッコーマン株式会社,33,2018-02-13 14:02:00,2025-11-14 13:27:00,33,4,4,4,4,8,4,3,2,0
2802,味の素株式会社,30,2018-02-13 14:43:00,2025-11-06 15:38:00,30,4,4,4,4,4,5,3,2,0
2811,カゴメ株式会社,36,2018-03-16 15:04:00,2025-08-07 11:25:00,36,4,4,4,4,4,10,4,2,0
2871,株式会社ニチレイ,30,2018-02-09 13:36:00,2025-11-14 15:22:00,30,4,4,4,4,4,4,3,3,0
2875,東洋水産株式会社,29,2018-02-13 09:41:00,2025-11-13 09:22:00,29,4,4,4,4,4,4,3,2,0
2897,日清食品ホールディングス株式会社,29,2018-02-06 15:08:00,2025-11-10 15:31:00,29,4,4,4,4,4,4,3,2,0
2914,日本たばこ産業株式会社,33,2018-03-27 16:46:00,2025-11-06 15:58:00,33,5,4,5,4,5,4,3,3,0
2934,ジェイフロンティア株式会社,21,2021-08-31 15:43:00,2026-01-14 15:30:00,21,0,0,0,2,4,4,5,5,1
2936,ベースフード株式会社,10,2023-01-16 15:00:00,2025-10-14 15:30:00,10,0,0,0,0,0,4,4,2,0
2937,株式会社サンクゼール,10,2023-02-13 15:00:00,2025-11-13 09:06:00,10,0,0,0,0,0,5,3,2,0
2978,株式会社ツクルバ,23,2019-10-25 15:04:00,2025-10-29 17:01:00,23,0,2,4,4,4,4,3,2,0
2986,株式会社ＬＡホールディングス,19,2020-11-13 15:04:00,2025-08-08 12:31:00,19,0,0,1,4,5,4,3,2,0
2998,クリアル株式会社,12,2022-06-30 15:39:00,2025-11-14 15:45:00,12,0,0,0,0,3,4,3,2,0
3003,ヒューリック株式会社,33,2018-03-19 14:36:00,2025-08-04 11:19:00,33,4,4,5,4,4,4,6,2,0
3038,株式会社神戸物産,29,2018-01-31 16:47:00,2025-06-13 16:14:00,29,4,4,4,4,4,4,3,2,0
3063,株式会社ジェイグループホールディングス,31,2018-01-12 16:34:00,2025-10-14 09:14:00,31,4,4,4,4,5,4,4,2,0
3064,株式会社ＭｏｎｏｔａＲＯ,34,2018-03-27 16:22:00,2025-08-08 15:56:00,34,5,4,4,4,4,5,6,2,0
3086,Ｊ．フロント　リテイリング株式会社,30,2018-01-12 13:56:00,2025-10-15 15:30:00,30,4,4,4,4,4,4,4,2,0
3088,株式会社マツキヨココカラ＆カンパニー,21,2018-02-13 16:00:00,2025-11-13 16:00:00,21,3,3,0,1,5,4,3,2,0
3088,株式会社マツモトキヨシホールディングス,11,2018-06-28 16:00:00,2021-08-12 16:00:00,11,1,1,6,3,0,0,0,0,0
3092,株式会社ゾゾ,1,2018-06-27 15:36:00,2018-06-27 15:36:00,1,1,0,0,0,0,0,0,0,0
3092,株式会社ＺＯＺＯ,31,2018-02-14 15:03:00,2025-11-14 15:33:00,31,4,4,4,5,5,4,3,2,0
3099,株式会社三越伊勢丹ホールディングス,29,2018-02-02 11:40:00,2025-11-14 13:13:00,29,4,4,4,4,4,4,3,2,0
3107,ダイワボウホールディングス株式会社,29,2018-02-14 13:43:00,2025-11-13 09:04:00,29,4,4,4,4,4,4,3,2,0
3116,トヨタ紡織株式会社,29,2018-02-13 09:20:00,2025-11-12 09:42:00,29,4,4,4,4,4,4,3,2,0
3132,マクニカホールディングス株式会社,18,2018-02-14 09:32:00,2025-11-14 14:05:00,18,4,3,0,0,2,4,3,2,0
3132,マクニカ・富士エレ　ホールディングス株式会社,13,2018-06-26 13:10:00,2022-06-23 13:21:00,13,1,1,4,5,2,0,0,0,0
3133,株式会社海帆,37,2018-02-13 09:22:00,2025-12-05 09:16:00,37,4,4,5,4,5,4,4,7,0
3140,株式会社イデアインターナショナル,10,2018-09-27 15:36:00,2021-09-30 13:27:00,10,1,1,4,4,0,0,0,0,0
3140,ＢＲＵＮＯ株式会社,22,2018-02-13 15:39:00,2025-09-29 13:45:00,22,4,3,0,1,4,5,3,2,0
3141,ウエルシアホールディングス株式会社,37,2018-01-10 15:13:00,2025-10-08 15:35:00,37,4,4,4,6,6,5,5,3,0
3148,株式会社クリエイトＳＤホールディングス,33,2018-01-12 09:00:00,2026-01-14 09:11:00,33,4,5,4,5,4,4,4,2,1
3186,株式会社ネクステージ,29,2018-02-21 15:22:00,2025-07-07 15:32:00,29,4,4,4,4,4,4,3,2,0
3187,株式会社サンワカンパニー,26,2018-02-14 15:11:00,2024-05-14 16:04:00,26,4,4,4,4,4,4,2,0,0
3187,株式会社ミラタップ,3,2024-12-26 15:47:00,2025-12-24 16:01:00,3,0,0,0,0,0,0,1,2,0
3231,野村不動産ホールディングス株式会社,29,2018-02-09 13:59:00,2025-11-14 15:45:00,29,4,4,4,4,4,4,3,2,0
3288,株式会社オープンハウス,14,2018-12-20 15:30:00,2021-12-23 15:30:00,14,1,1,8,4,0,0,0,0,0
3288,株式会社オープンハウスグループ,26,2018-02-14 15:30:00,2026-01-15 15:40:00,26,3,3,2,0,7,5,3,2,1
3289,東急不動産ホールディングス株式会社,30,2018-02-09 10:18:00,2025-11-12 11:09:00,30,4,5,4,4,4,4,3,2,0
3291,飯田グループホールディングス株式会社,35,2018-02-13 16:48:00,2025-11-11 16:33:00,35,4,6,4,5,6,4,4,2,0
3300,株式会社アンビションＤＸホールディングス,21,2018-02-14 15:02:00,2025-09-24 15:00:00,21,3,4,0,1,4,4,3,2,0
3300,株式会社ＡＭＢＩＴＩＯＮ,9,2018-09-28 15:01:00,2021-09-30 15:00:00,9,1,1,4,3,0,0,0,0,0
3349,株式会社コスモス薬品,30,2018-01-12 16:31:00,2026-01-14 15:50:00,30,4,4,4,4,4,4,3,2,1
3360,シップヘルスケアホールディングス株式会社,30,2018-02-09 12:51:00,2025-11-14 15:30:00,30,4,4,5,4,4,4,3,2,0
3382,株式会社セブン＆アイ・ホールディングス,32,2018-01-12 15:06:00,2025-10-14 12:13:00,32,4,4,5,4,5,4,4,2,0
3391,株式会社ツルハホールディングス,32,2018-03-30 10:05:00,2025-10-14 16:18:00,32,4,4,5,4,4,5,2,4,0
3401,帝人株式会社,30,2018-02-09 15:15:00,2025-11-13 10:03:00,30,4,4,4,5,4,4,3,2,0
3402,東レ株式会社,29,2018-02-13 13:05:00,2025-11-14 15:03:00,29,4,4,4,4,4,4,3,2,0
3405,株式会社クラレ,36,2018-03-23 14:19:00,2025-08-08 13:17:00,36,6,4,4,4,4,4,8,2,0
3407,旭化成株式会社,31,2018-02-13 13:01:00,2025-11-13 15:00:00,31,4,4,4,4,4,6,3,2,0
3418,株式会社バルニバービ,29,2018-03-16 15:00:00,2025-10-27 12:45:00,29,4,4,4,4,4,4,3,2,0
3436,株式会社ＳＵＭＣＯ,32,2018-03-28 15:00:00,2025-08-08 15:32:00,32,4,4,4,5,4,4,5,2,0
3465,ケイアイスター不動産株式会社,30,2018-02-13 09:15:00,2025-11-14 09:30:00,30,4,4,4,4,4,4,4,2,0
3479,株式会社ティーケーピー,37,2018-01-15 15:59:00,2025-10-15 15:35:00,37,4,5,7,4,4,4,7,2,0
3491,株式会社ＧＡ　ｔｅｃｈｎｏｌｏｇｉｅｓ,26,2018-09-13 15:05:00,2025-06-12 15:34:00,26,1,4,4,4,4,4,3,2,0
3496,株式会社アズーム,26,2018-12-21 14:48:00,2025-12-16 15:31:00,26,1,4,4,4,4,4,3,2,0
3542,株式会社ベガコーポレーション,29,2018-02-14 15:00:00,2025-11-14 15:30:00,29,4,4,4,4,4,4,3,2,0
3549,株式会社クスリのアオキホールディングス,30,2018-03-30 15:34:00,2025-12-25 15:52:00,30,4,4,4,4,5,4,3,2,0
3558,ジェイドグループ株式会社,8,2023-07-14 15:57:00,2025-10-15 15:55:00,8,0,0,0,0,0,2,4,2,0
3558,株式会社ロコンド,23,2018-01-12 15:34:00,2023-05-29 16:51:00,23,4,4,4,4,5,2,0,0,0
3563,株式会社スシローグローバルホールディングス,7,2018-12-21 15:00:00,2021-02-08 15:00:00,7,1,1,4,1,0,0,0,0,0
3563,株式会社ＦＯＯＤ　＆　ＬＩＦＥ　ＣＯＭＰＡＮＩＥＳ,23,2018-02-09 15:00:00,2025-12-22 15:30:00,23,3,3,0,3,4,4,3,3,0
3623,ビリングシステム株式会社,29,2018-03-28 11:39:00,2025-08-14 16:07:00,29,4,4,4,4,4,4,3,2,0
3626,ＴＩＳ株式会社,29,2018-02-09 10:05:00,2025-11-12 15:35:00,29,4,4,4,4,4,4,3,2,0
3635,株式会社コーエーテクモホールディングス,31,2018-02-09 10:26:00,2025-11-10 10:53:00,31,4,4,5,5,4,4,3,2,0
3653,株式会社モルフォ,29,2018-01-30 15:05:00,2025-06-13 16:33:00,29,4,4,4,4,4,4,3,2,0
3659,株式会社ネクソン,29,2018-03-28 12:29:00,2025-08-13 17:01:00,29,4,4,4,4,4,4,3,2,0
3692,株式会社ＦＦＲＩ,3,2018-06-28 14:00:00,2020-02-13 15:11:00,3,1,1,1,0,0,0,0,0,0
3692,株式会社ＦＦＲＩセキュリティ,30,2018-02-13 15:01:00,2025-11-13 15:14:00,30,3,3,4,5,5,5,3,2,0
3697,株式会社ＳＨＩＦＴ,31,2018-01-12 16:30:00,2025-11-21 16:52:00,31,4,4,4,4,5,4,4,2,0
3723,日本ファルコム株式会社,29,2018-02-09 09:08:00,2025-12-19 09:50:00,29,4,4,4,4,4,4,3,2,0
3765,ガンホー・オンライン・エンターテイメント株式会社,29,2018-03-23 15:16:00,2025-08-14 17:03:00,29,4,4,4,4,4,4,3,2,0
3769,ＧＭＯペイメントゲートウェイ株式会社,31,2018-02-14 11:05:00,2025-12-12 15:52:00,31,5,4,5,4,4,4,3,2,0
3773,株式会社アドバンスト・メディア,30,2018-02-13 15:12:00,2025-11-12 11:09:00,30,5,4,4,4,4,4,3,2,0
3774,株式会社インターネットイニシアティブ,29,2018-02-14 13:51:00,2025-11-14 10:25:00,29,4,4,4,4,4,4,3,2,0
3777,株式会社ジオネクスト,2,2018-03-30 09:59:00,2019-03-29 15:15:00,2,1,1,0,0,0,0,0,0,0
3777,株式会社環境フレンドリーホールディングス,6,2024-04-26 15:00:00,2025-08-14 15:37:00,6,0,0,0,0,0,0,4,2,0
3777,株式会社ＦＨＴホールディングス,26,2018-05-14 15:51:00,2024-03-29 15:13:00,26,3,3,4,4,7,4,1,0,0
3793,株式会社ドリコム,32,2018-02-09 16:06:00,2025-11-13 16:07:00,32,4,6,4,4,4,4,3,3,0
3861,王子ホールディングス株式会社,32,2018-02-13 11:07:00,2025-11-13 13:25:00,32,4,4,4,7,4,4,3,2,0
3900,株式会社クラウドワークス,31,2018-02-15 09:00:00,2025-12-22 16:07:00,31,4,4,5,4,5,4,3,2,0
3904,株式会社カヤック,30,2018-03-26 14:00:00,2025-08-14 16:01:00,30,4,4,4,4,4,5,3,2,0
3905,データセクション株式会社,34,2018-02-09 15:45:00,2025-11-14 16:27:00,34,5,6,4,4,5,4,3,3,0
3911,株式会社Ａｉｍｉｎｇ,30,2018-03-28 15:00:00,2025-08-14 15:30:00,30,4,4,4,5,4,4,3,2,0
3914,ＪＩＧ－ＳＡＷ株式会社,29,2018-03-30 16:00:00,2025-08-07 16:00:00,29,4,4,4,4,4,4,3,2,0
3923,株式会社ラクス,41,2018-02-14 17:15:00,2025-11-14 16:13:00,41,4,8,11,4,4,4,4,2,0
3979,株式会社うるる,30,2018-02-14 15:35:00,2025-11-14 16:05:00,30,4,5,4,4,4,4,3,2,0
3989,シェアリングテクノロジー株式会社,35,2018-02-14 15:32:00,2025-12-22 16:00:00,35,4,4,6,5,7,4,3,2,0
3990,ＵＵＵＭ株式会社,28,2018-01-11 15:16:00,2024-12-27 15:30:00,28,4,4,4,4,4,4,4,0,0
3991,ウォンテッドリー株式会社,32,2018-01-15 16:30:00,2025-11-25 15:31:00,32,4,4,4,4,6,4,4,2,0
4004,昭和電工株式会社,14,2018-03-29 14:48:00,2022-11-11 15:26:00,14,1,1,4,4,4,0,0,0,0
4004,株式会社レゾナック・ホールディングス,16,2018-05-15 14:40:00,2025-08-08 10:09:00,16,3,3,0,0,0,5,3,2,0
4005,住友化学株式会社,29,2018-02-13 15:33:00,2025-11-10 15:30:00,29,4,4,4,4,4,4,3,2,0
4011,株式会社ヘッドウォータース,18,2020-11-13 15:01:00,2025-08-14 15:30:00,18,0,0,1,4,4,4,3,2,0
4013,勤次郎株式会社,18,2021-03-29 09:08:00,2025-08-12 16:58:00,18,0,0,0,4,4,4,3,3,0
4013,日通システム株式会社,1,2020-11-11 15:03:00,2020-11-11 15:03:00,1,0,0,1,0,0,0,0,0,0
4015,アララ株式会社,13,2021-01-14 14:08:00,2024-01-12 16:06:00,13,0,0,0,4,4,4,1,0,0
4015,ペイクラウドホールディングス株式会社,6,2024-04-12 16:05:00,2025-11-25 15:03:00,6,0,0,0,0,0,0,4,2,0
4021,日産化学株式会社,32,2018-02-09 11:44:00,2025-11-11 09:41:00,32,4,4,4,4,4,5,3,4,0
4042,東ソー株式会社,29,2018-02-13 09:02:00,2025-11-13 11:33:00,29,4,4,4,4,4,4,3,2,0
4043,株式会社トクヤマ,35,2018-02-09 11:03:00,2025-11-07 09:22:00,35,4,7,4,4,5,5,3,3,0
4051,ＧＭＯフィナンシャルゲート株式会社,19,2020-08-13 15:39:00,2025-12-12 15:40:00,19,0,0,2,4,4,4,3,2,0
4054,日本情報クリエイト株式会社,21,2020-09-29 15:06:00,2025-09-24 16:30:00,21,0,0,2,4,4,4,5,2,0
4055,ティアンドエスグループ株式会社,3,2024-12-25 16:14:00,2025-12-25 15:33:00,3,0,0,0,0,0,0,1,2,0
4055,ティアンドエス株式会社,16,2020-10-14 16:14:00,2024-07-12 15:01:00,16,0,0,1,4,4,4,3,0,0
4056,ニューラルグループ株式会社,7,2023-11-10 15:10:00,2025-08-20 16:17:00,7,0,0,0,0,0,1,3,3,0
4056,ニューラルポケット株式会社,14,2020-11-13 16:00:00,2023-08-10 15:42:00,14,0,0,1,4,4,5,0,0,0
4058,トヨクモ株式会社,18,2020-11-13 15:00:00,2025-08-13 15:30:00,18,0,0,1,4,4,4,3,2,0
4061,デンカ株式会社,29,2018-02-14 09:45:00,2025-11-10 11:08:00,29,4,4,4,4,4,4,3,2,0
4062,イビデン株式会社,31,2018-02-08 10:01:00,2025-11-05 16:00:00,31,4,4,4,5,4,5,3,2,0
4063,信越化学工業株式会社,33,2018-02-13 10:07:00,2025-11-13 10:12:00,33,4,4,4,4,5,7,3,2,0
4074,株式会社ラキール,16,2021-08-13 15:06:00,2025-08-12 13:39:00,16,0,0,0,2,5,4,3,2,0
4088,エア・ウォーター株式会社,28,2018-02-09 15:23:00,2025-06-25 15:39:00,28,4,4,4,4,4,4,3,1,0
4091,大陽日酸株式会社,5,2018-06-21 10:37:00,2020-08-07 09:15:00,5,1,1,3,0,0,0,0,0,0
4091,日本酸素ホールディングス株式会社,29,2018-02-09 11:57:00,2025-11-11 09:09:00,29,3,3,1,4,4,8,4,2,0
4151,協和キリン株式会社,28,2018-05-14 14:18:00,2025-07-31 15:30:00,28,3,4,4,4,4,4,3,2,0
4151,協和発酵キリン株式会社,2,2018-03-16 14:46:00,2019-03-14 15:22:00,2,1,1,0,0,0,0,0,0,0
4165,株式会社プレイド,20,2020-12-25 15:27:00,2025-12-19 14:25:00,20,0,0,1,4,4,4,4,3,0
4168,株式会社ヤプリ,17,2021-03-31 11:20:00,2025-08-14 10:30:00,17,0,0,0,4,4,4,3,2,0
4169,ＥＮＥＣＨＡＮＧＥ株式会社,22,2021-03-30 16:38:00,2025-11-07 12:11:00,22,0,0,0,4,4,5,6,3,0
4175,株式会社ｃｏｌｙ,17,2021-04-30 12:36:00,2025-09-12 15:44:00,17,0,0,0,4,4,4,3,2,0
4176,株式会社ココナラ,17,2021-04-14 15:22:00,2025-11-20 15:29:00,17,0,0,0,3,4,4,4,2,0
4182,三菱瓦斯化学株式会社,30,2018-02-13 09:30:00,2025-11-13 13:10:00,30,4,4,4,4,4,5,3,2,0
4183,三井化学株式会社,31,2018-02-09 09:52:00,2025-11-13 13:41:00,31,4,4,5,5,4,4,3,2,0
4186,東京応化工業株式会社,36,2018-03-29 13:34:00,2025-08-07 16:00:00,36,4,8,4,6,4,4,3,3,0
4188,三菱ケミカルグループ株式会社,21,2018-02-13 13:44:00,2025-11-12 10:48:00,21,5,3,0,0,2,4,4,3,0
4188,株式会社三菱ケミカルホールディングス,13,2018-06-26 14:52:00,2022-06-24 16:19:00,13,1,1,5,4,2,0,0,0,0
4192,スパイダープラス株式会社,18,2021-03-31 15:42:00,2025-08-06 16:00:00,18,0,0,0,5,4,4,3,2,0
4194,ビジョナル株式会社,17,2021-06-08 10:00:00,2025-10-22 15:30:00,17,0,0,0,3,5,4,3,2,0
4202,株式会社ダイセル,31,2018-02-13 10:24:00,2025-11-10 10:32:00,31,4,4,4,4,5,4,3,3,0
4203,住友ベークライト株式会社,30,2018-02-14 09:48:00,2025-11-06 10:13:00,30,4,4,5,4,4,4,3,2,0
4204,積水化学工業株式会社,29,2018-02-08 11:48:00,2025-11-13 15:00:00,29,4,4,4,4,4,4,3,2,0
4208,宇部興産株式会社,11,2018-06-28 14:36:00,2022-02-09 09:25:00,11,1,1,4,4,1,0,0,0,0
4208,ＵＢＥ株式会社,19,2018-02-09 09:51:00,2025-11-11 13:45:00,19,3,3,0,0,3,5,3,2,0
4258,株式会社網屋,13,2022-03-28 15:22:00,2025-08-13 16:25:00,13,0,0,0,0,4,4,3,2,0
4259,株式会社エクサウィザーズ,13,2022-02-14 15:09:00,2025-11-11 15:30:00,13,0,0,0,0,4,4,3,2,0
4263,サスメド株式会社,13,2022-02-10 15:17:00,2025-09-26 15:31:00,13,0,0,0,0,4,4,3,2,0
4264,株式会社セキュア,14,2022-03-29 14:04:00,2025-08-13 15:32:00,14,0,0,0,0,4,4,3,3,0
4270,株式会社ＢｅｅＸ,13,2022-05-27 15:00:00,2025-10-15 15:37:00,13,0,0,0,0,3,4,4,2,0
4307,株式会社野村総合研究所,33,2018-02-02 09:31:00,2025-11-13 14:18:00,33,4,4,5,5,4,6,3,2,0
4308,株式会社Ｊストリーム,35,2018-02-02 12:15:00,2025-11-05 15:30:00,35,4,7,4,5,4,6,3,2,0
4324,株式会社　電通,2,2018-03-29 14:32:00,2019-03-28 15:30:00,2,1,1,0,0,0,0,0,0,0
4324,株式会社電通グループ,28,2018-05-15 16:09:00,2025-08-14 16:05:00,28,3,3,4,4,4,4,3,3,0
4371,株式会社コアコンセプト・テクノロジー,15,2021-11-12 16:00:00,2025-08-13 16:00:00,15,0,0,0,1,5,4,3,2,0
4374,株式会社ＲＯＢＯＴ　ＰＡＹＭＥＮＴ,14,2021-11-12 16:15:00,2025-08-12 11:39:00,14,0,0,0,1,4,4,3,2,0
4375,セーフィー株式会社,15,2021-11-12 15:53:00,2025-08-08 15:30:00,15,0,0,0,1,4,4,4,2,0
4376,株式会社くふうカンパニー,12,2022-02-14 17:00:00,2024-12-25 16:00:00,12,0,0,0,0,4,5,3,0,0
4376,株式会社くふうカンパニーホールディングス,2,2025-05-15 16:00:00,2025-12-22 16:00:00,2,0,0,0,0,0,0,0,2,0
4377,株式会社ワンキャリア,16,2021-11-15 15:00:00,2025-08-14 15:33:00,16,0,0,0,1,5,5,3,2,0
4385,株式会社メルカリ,28,2018-09-28 14:00:00,2025-09-24 15:30:00,28,2,4,4,4,4,4,4,2,0
4389,プロパティデータバンク株式会社,28,2018-06-29 13:35:00,2025-11-14 15:31:00,28,3,4,4,4,4,4,3,2,0
4393,株式会社バンク・オブ・イノベーション,27,2018-08-14 15:33:00,2025-12-25 16:17:00,27,2,4,4,4,4,4,3,2,0
4401,株式会社ＡＤＥＫＡ,29,2018-02-09 11:39:00,2025-11-11 13:20:00,29,4,4,4,4,4,4,3,2,0
4403,日油株式会社,29,2018-02-14 09:18:00,2025-11-14 11:00:00,29,4,4,4,4,4,4,3,2,0
4413,株式会社ボードルア,14,2022-01-14 15:00:00,2025-10-15 16:03:00,14,0,0,0,0,4,4,4,2,0
4414,株式会社フレクト,13,2022-02-10 16:01:00,2025-11-13 16:00:00,13,0,0,0,0,4,4,3,2,0
4417,グローバルセキュリティエキスパート株式会社,13,2022-02-10 16:50:00,2025-11-13 15:09:00,13,0,0,0,0,4,4,3,2,0
4418,株式会社ＪＤＳＣ,15,2022-02-09 15:00:00,2025-09-24 16:00:00,15,0,0,0,0,4,5,3,3,0
4419,株式会社Ｆｉｎａｔｅｘｔホールディングス,13,2022-02-14 16:03:00,2025-11-12 15:31:00,13,0,0,0,0,4,4,3,2,0
4425,Ｋｕｄａｎ株式会社,26,2019-02-14 15:30:00,2025-11-13 15:56:00,26,0,4,4,5,4,4,3,2,0
4431,株式会社スマレジ,25,2019-03-15 16:00:00,2025-12-12 16:31:00,25,0,4,4,4,4,4,3,2,0
4435,株式会社カオナビ,29,2019-06-27 16:00:00,2025-06-26 16:11:00,29,0,4,9,4,4,4,3,1,0
4436,株式会社ミンカブ・ジ・インフォノイド,26,2019-06-26 16:53:00,2025-11-14 16:05:00,26,0,3,4,4,5,5,3,2,0
4442,バルテス・ホールディングス株式会社,6,2023-11-14 15:04:00,2025-11-14 15:30:00,6,0,0,0,0,0,1,3,2,0
4442,バルテス株式会社,20,2019-06-25 10:07:00,2023-08-09 15:05:00,20,0,3,5,4,4,4,0,0,0
4448,株式会社ｋｕｂｅｌｌ,22,2024-08-14 16:16:00,2025-10-22 15:43:00,22,0,0,0,0,0,0,19,3,0
4448,Ｃｈａｔｗｏｒｋ株式会社,21,2019-11-14 15:12:00,2024-05-15 15:36:00,21,0,1,5,4,4,4,3,0,0
4452,花王株式会社,30,2018-03-23 16:37:00,2025-08-12 10:59:00,30,4,5,4,4,4,4,3,2,0
4475,ＨＥＮＮＧＥ株式会社,24,2019-12-26 12:05:00,2025-12-24 15:34:00,24,0,1,5,5,4,4,3,2,0
4477,ＢＡＳＥ株式会社,22,2019-11-14 16:00:00,2025-08-05 15:31:00,22,0,1,4,4,4,4,3,2,0
4478,フリー株式会社,21,2020-02-14 15:00:00,2025-09-25 15:34:00,21,0,0,4,4,4,4,3,2,0
4482,株式会社ウィルズ,22,2020-03-31 14:16:00,2025-08-14 15:43:00,22,0,0,5,4,4,4,3,2,0
4485,株式会社ＪＴＯＷＥＲ,19,2020-02-12 10:14:00,2024-11-14 17:12:00,19,0,0,4,4,4,4,3,0,0
4488,ＡＩ　ｉｎｓｉｄｅ株式会社,21,2020-02-12 15:30:00,2025-11-13 15:40:00,21,0,0,4,4,4,4,3,2,0
4490,株式会社ビザスク,24,2020-05-29 15:06:00,2025-12-04 16:10:00,24,0,0,3,4,4,4,6,3,0
4493,株式会社サイバーセキュリティクラウド,20,2020-05-15 15:00:00,2025-08-14 16:00:00,20,0,0,3,4,4,4,3,2,0
4495,株式会社アイキューブドシステムズ,19,2020-09-25 15:30:00,2025-09-22 16:00:00,19,0,0,2,4,4,4,3,2,0
4498,サイバートラスト株式会社,16,2021-06-16 17:00:00,2025-11-12 15:30:00,16,0,0,0,3,4,4,3,2,0
4502,武田薬品工業株式会社,29,2018-02-09 13:02:00,2025-10-30 15:47:00,29,4,4,4,4,4,4,3,2,0
4503,アステラス製薬株式会社,31,2018-02-08 10:26:00,2025-11-06 11:26:00,31,5,4,4,4,4,4,4,2,0
4506,住友ファーマ株式会社,19,2018-02-02 10:19:00,2025-11-04 16:13:00,19,3,3,0,0,3,4,4,2,0
4506,大日本住友製薬株式会社,11,2018-06-19 15:40:00,2022-02-03 10:06:00,11,1,1,4,4,1,0,0,0,0
4507,塩野義製薬株式会社,30,2018-02-09 09:03:00,2025-11-07 11:05:00,30,4,4,4,4,4,5,3,2,0
4516,日本新薬株式会社,30,2018-02-08 09:42:00,2025-11-14 14:43:00,30,4,4,4,5,4,4,3,2,0
4519,中外製薬株式会社,38,2018-03-22 15:39:00,2025-07-25 15:40:00,38,5,4,4,4,5,9,5,2,0
4523,エーザイ株式会社,29,2018-02-09 12:16:00,2025-11-12 10:48:00,29,4,4,4,4,4,4,3,2,0
4527,ロート製薬株式会社,31,2018-02-13 10:42:00,2025-11-14 10:48:00,31,4,4,5,4,4,4,3,3,0
4528,小野薬品工業株式会社,30,2018-02-09 09:35:00,2025-11-06 09:00:00,30,4,4,4,4,4,4,3,3,0
4543,テルモ株式会社,34,2018-02-13 13:13:00,2025-11-14 10:04:00,34,5,4,7,4,5,4,3,2,0
4563,アンジェス株式会社,32,2018-03-30 09:39:00,2025-08-13 11:19:00,32,4,4,6,4,5,4,3,2,0
4564,オンコセラピー・サイエンス株式会社,30,2018-02-05 09:27:00,2025-11-10 09:20:00,30,4,4,5,4,4,4,3,2,0
4568,第一三共株式会社,30,2018-02-07 16:36:00,2025-11-07 13:19:00,30,4,4,5,4,4,4,3,2,0
4571,ナノキャリア株式会社,23,2018-02-14 15:03:00,2023-06-30 15:00:00,23,4,4,4,4,5,2,0,0,0
4571,ＮＡＮＯ　ＭＲＮＡ株式会社,7,2023-08-10 15:04:00,2025-11-14 15:33:00,7,0,0,0,0,0,2,3,2,0
4572,カルナバイオサイエンス株式会社,29,2018-03-29 10:01:00,2025-08-07 09:42:00,29,4,4,4,4,4,4,3,2,0
4575,株式会社キャンバス,30,2018-02-13 15:29:00,2025-09-29 15:46:00,30,4,4,4,5,4,4,3,2,0
4578,大塚ホールディングス株式会社,29,2018-03-30 16:51:00,2025-07-31 16:21:00,29,4,4,4,4,4,4,3,2,0
4579,ラクオリア創薬株式会社,33,2018-03-30 10:03:00,2025-08-14 15:57:00,33,4,4,4,4,5,5,4,3,0
4582,シンバイオ製薬株式会社,30,2018-03-29 17:05:00,2025-08-04 16:04:00,30,4,4,4,4,4,5,3,2,0
4587,ペプチドリーム株式会社,34,2018-02-14 15:58:00,2025-08-07 15:49:00,34,4,4,4,5,4,7,4,2,0
4588,オンコリスバイオファーマ株式会社,41,2018-03-30 10:15:00,2025-08-08 14:31:00,41,4,11,4,4,9,4,3,2,0
4592,サンバイオ株式会社,29,2018-04-27 15:16:00,2025-09-12 15:31:00,29,4,4,4,4,4,4,3,2,0
4593,株式会社ヘリオス,29,2018-03-29 11:17:00,2025-08-13 12:34:00,29,4,4,4,4,4,4,3,2,0
4597,ソレイジア・ファーマ株式会社,31,2018-03-30 15:45:00,2025-08-13 15:42:00,31,4,4,4,5,5,4,3,2,0
4599,株式会社ステムリム,24,2019-10-25 09:31:00,2025-10-21 15:10:00,24,0,3,4,4,4,4,3,2,0
4612,日本ペイントホールディングス株式会社,31,2018-03-29 15:56:00,2025-08-08 15:46:00,31,5,4,4,5,4,4,3,2,0
4613,関西ペイント株式会社,29,2018-02-13 09:06:00,2025-11-10 15:22:00,29,4,4,4,4,4,4,3,2,0
4626,太陽ホールディングス株式会社,30,2018-02-02 11:30:00,2025-11-06 12:00:00,30,4,5,4,4,4,4,3,2,0
4661,株式会社オリエンタルランド,31,2018-02-13 14:29:00,2025-11-14 10:14:00,31,4,4,5,4,4,5,3,2,0
4666,パーク二四株式会社（定款上の商号　パーク２４株式会社）,33,2018-01-26 16:18:00,2025-07-15 15:50:00,33,4,4,4,4,4,4,3,6,0
4680,株式会社ラウンドワン,29,2018-02-13 11:01:00,2025-11-10 11:00:00,29,4,4,4,4,4,4,3,2,0
4681,リゾートトラスト株式会社,30,2018-02-09 12:56:00,2025-11-13 14:22:00,30,4,4,4,4,5,4,3,2,0
4684,株式会社オービック,30,2018-02-06 09:47:00,2025-11-07 10:00:00,30,4,4,5,4,4,4,3,2,0
4686,株式会社ジャストシステム,39,2018-02-06 15:57:00,2025-11-10 16:00:00,39,14,4,4,4,4,4,3,2,0
4689,ヤフー株式会社,3,2018-06-18 15:00:00,2019-06-17 17:11:00,3,1,2,0,0,0,0,0,0,0
4689,ＬＩＮＥヤフー株式会社,9,2023-11-09 15:05:00,2025-11-10 15:49:00,9,0,0,0,0,0,1,5,3,0
4689,Ｚホールディングス株式会社,22,2018-02-13 15:01:00,2023-08-09 15:03:00,22,3,3,4,5,4,3,0,0,0
4704,トレンドマイクロ株式会社,29,2018-03-27 14:28:00,2025-08-08 14:08:00,29,4,4,4,4,4,4,3,2,0
4716,日本オラクル株式会社,33,2018-01-12 14:03:00,2026-01-09 14:37:00,33,5,4,4,4,6,4,3,2,1
4722,フューチャー株式会社,29,2018-03-27 15:47:00,2025-08-14 09:01:00,29,4,4,4,4,4,4,3,2,0
4732,株式会社ユー・エス・エス,35,2018-02-14 09:43:00,2025-11-13 10:15:00,35,4,4,4,4,4,5,8,2,0
4751,株式会社サイバーエージェント,47,2018-01-26 15:15:00,2025-12-24 16:11:00,47,4,7,4,4,4,4,3,17,0
4755,楽天グループ株式会社,23,2018-05-10 16:31:00,2025-08-08 16:30:00,23,3,3,0,3,5,4,3,2,0
4755,楽天株式会社,11,2018-03-29 15:01:00,2021-03-30 15:12:00,11,2,3,5,1,0,0,0,0,0
4768,株式会社　大塚商会,30,2018-03-28 13:15:00,2025-08-08 14:06:00,30,4,4,4,4,5,4,3,2,0
4772,株式会社ストリームメディアコーポレーション,30,2018-03-23 12:47:00,2025-03-25 12:06:00,30,4,4,4,5,4,4,4,1,0
4772,株式会社ＳＭ　ＥＮＴＥＲＴＡＩＮＭＥＮＴ　ＪＡＰＡＮ,1,2025-08-08 11:12:00,2025-08-08 11:12:00,1,0,0,0,0,0,0,0,1,0
4811,株式会社ドリーム・アーツ,6,2023-11-14 16:00:00,2025-08-14 15:30:00,6,0,0,0,0,0,1,3,2,0
4812,株式会社電通国際情報サービス,26,2018-03-23 14:04:00,2023-11-02 13:05:00,26,4,5,4,5,4,4,0,0,0
4812,株式会社電通総研,8,2024-03-22 14:08:00,2025-08-04 13:41:00,8,0,0,0,0,0,0,3,5,0
4816,東映アニメーション株式会社,30,2018-02-14 12:00:00,2025-11-14 09:38:00,30,5,4,4,4,4,4,3,2,0
4882,株式会社ペルセウスプロテオミクス,18,2021-08-13 15:05:00,2025-11-14 15:32:00,18,0,0,0,2,4,5,3,4,0
4888,ステラファーマ株式会社,16,2021-06-30 13:00:00,2025-11-14 13:25:00,16,0,0,0,3,4,4,3,2,0
4890,株式会社坪田ラボ,14,2022-06-29 15:23:00,2025-11-12 15:33:00,14,0,0,0,0,5,4,3,2,0
4891,㈱ティムス,10,2023-01-13 15:12:00,2025-10-15 15:40:00,10,0,0,0,0,0,4,4,2,0
4893,ノイルイミューン・バイオテック株式会社,8,2023-08-14 11:43:00,2025-08-08 16:14:00,8,0,0,0,0,0,2,4,2,0
4894,クオリプス株式会社,8,2023-06-30 13:31:00,2025-11-13 16:07:00,8,0,0,0,0,0,3,3,2,0
4896,株式会社ケイファーマ,6,2023-11-13 15:00:00,2025-08-14 09:30:00,6,0,0,0,0,0,1,3,2,0
4901,富士フイルムホールディングス株式会社,31,2018-02-14 10:00:00,2025-11-14 16:09:00,31,4,4,4,4,4,4,5,2,0
4902,コニカミノルタ株式会社,31,2018-02-08 11:09:00,2025-11-11 11:11:00,31,4,4,4,6,4,4,3,2,0
4911,株式会社資生堂,30,2018-03-27 14:49:00,2025-08-06 15:32:00,30,4,4,4,4,4,5,3,2,0
4912,ライオン株式会社,29,2018-03-30 09:00:00,2025-08-08 09:04:00,29,4,4,4,4,4,4,3,2,0
4967,小林製薬株式会社,31,2018-03-29 13:54:00,2025-08-08 15:30:00,31,6,4,4,4,4,4,3,2,0
4978,株式会社リプロセル,29,2018-02-09 15:51:00,2025-11-13 15:35:00,29,4,4,4,4,4,4,3,2,0
4980,デクセリアルズ株式会社,33,2018-02-07 15:03:00,2025-11-12 16:00:00,33,8,4,4,4,4,4,3,2,0
5019,出光興産株式会社,32,2018-02-14 15:14:00,2025-11-12 15:49:00,32,5,4,5,4,5,4,3,2,0
5020,ＥＮＥＯＳホールディングス株式会社,27,2018-02-13 11:13:00,2025-11-13 14:33:00,27,3,3,4,4,4,4,3,2,0
5020,ＪＸＴＧホールディングス株式会社,3,2018-06-27 15:29:00,2020-02-14 10:00:00,3,1,1,1,0,0,0,0,0,0
5021,コスモエネルギーホールディングス株式会社,32,2018-02-08 16:31:00,2025-11-11 16:00:00,32,4,4,4,7,4,4,3,2,0
5026,株式会社トリプルアイズ,12,2022-07-14 16:00:00,2025-11-28 15:32:00,12,0,0,0,0,2,4,4,2,0
5027,ＡｎｙＭｉｎｄ　Ｇｒｏｕｐ株式会社,9,2023-03-30 15:08:00,2025-08-14 15:37:00,9,0,0,0,0,0,4,3,2,0
5032,ＡＮＹＣＯＬＯＲ株式会社,12,2022-07-29 14:58:00,2025-12-10 15:30:00,12,0,0,0,0,3,4,3,2,0
5034,株式会社ｕｎｅｒｒｙ,11,2022-09-29 15:33:00,2025-09-26 16:01:00,11,0,0,0,0,2,4,3,2,0
5038,株式会社ｅＷｅＬＬ,10,2022-11-11 15:37:00,2025-08-14 15:32:00,10,0,0,0,0,1,4,3,2,0
5076,インフロニア・ホールディングス株式会社,15,2022-02-14 15:47:00,2025-11-14 14:49:00,15,0,0,0,0,4,6,3,2,0
5101,横浜ゴム株式会社,31,2018-03-29 16:02:00,2025-08-12 15:53:00,31,4,5,4,4,5,4,3,2,0
5105,ＴＯＹＯ　ＴＩＲＥ株式会社,29,2018-03-29 15:00:00,2025-08-08 11:08:00,29,4,4,4,4,4,4,3,2,0
5108,株式会社ブリヂストン,29,2018-03-23 16:18:00,2025-08-08 14:35:00,29,4,4,4,4,4,4,3,2,0
5129,株式会社ＦＩＸＥＲ,12,2022-11-28 14:02:00,2025-11-27 15:40:00,12,0,0,0,0,1,5,4,2,0
5132,株式会社ｐｌｕｓｚｅｒｏ,9,2023-01-26 15:00:00,2025-06-11 16:01:00,9,0,0,0,0,0,4,3,2,0
5136,ｔｒｉｐｌａ株式会社,9,2023-01-30 16:30:00,2025-06-16 15:36:00,9,0,0,0,0,0,4,3,2,0
5137,株式会社スマートドライブ,10,2022-12-26 11:49:00,2025-12-22 16:09:00,10,0,0,0,0,1,4,3,2,0
5139,オープンワーク株式会社,10,2023-03-31 10:51:00,2025-08-12 14:50:00,10,0,0,0,0,0,4,4,2,0
5201,ＡＧＣ株式会社,30,2018-03-29 13:08:00,2025-08-05 14:02:00,30,5,4,4,4,4,4,3,2,0
5214,日本電気硝子株式会社,29,2018-03-30 09:23:00,2025-08-13 09:51:00,29,4,4,4,4,4,4,3,2,0
5233,太平洋セメント株式会社,34,2018-02-09 11:24:00,2025-11-12 10:09:00,34,4,4,4,4,4,4,3,7,0
5243,ｎｏｔｅ株式会社,10,2023-02-28 15:05:00,2025-07-08 15:33:00,10,0,0,0,0,0,5,3,2,0
5244,株式会社ｊｉｇ．ｊｐ,10,2023-02-14 15:00:00,2025-11-13 15:31:00,10,0,0,0,0,0,4,3,3,0
5246,株式会社ＥＬＥＭＥＮＴＳ,10,2023-02-24 17:10:00,2025-07-14 16:01:00,10,0,0,0,0,0,4,3,3,0
5248,株式会社テクノロジーズ,13,2023-04-27 10:13:00,2025-09-12 14:30:00,13,0,0,0,0,0,4,7,2,0
5253,カバー株式会社,8,2023-06-30 10:00:00,2025-11-11 15:33:00,8,0,0,0,0,0,3,3,2,0
5254,株式会社Ａｒｅｎｔ,8,2023-05-12 14:13:00,2025-09-26 16:45:00,8,0,0,0,0,0,3,3,2,0
5258,株式会社トランザクション・メディア・ネットワークス,8,2023-06-29 15:31:00,2025-11-13 15:57:00,8,0,0,0,0,0,3,3,2,0
5301,東海カーボン株式会社,29,2018-03-29 15:43:00,2025-08-08 09:04:00,29,4,4,4,4,4,4,3,2,0
5332,ＴＯＴＯ株式会社,30,2018-02-06 13:17:00,2025-11-07 15:30:00,30,4,4,4,4,5,4,3,2,0
5333,日本碍子株式会社,30,2018-02-06 11:13:00,2025-11-06 14:29:00,30,4,5,4,4,4,4,3,2,0
5334,日本特殊陶業株式会社,30,2018-02-14 12:11:00,2025-11-07 15:32:00,30,5,4,4,4,4,4,3,2,0
5344,株式会社ＭＡＲＵＷＡ,29,2018-02-09 13:30:00,2025-11-13 09:37:00,29,4,4,4,4,4,4,3,2,0
5393,ニチアス株式会社,29,2018-02-08 10:27:00,2025-11-13 12:36:00,29,4,4,4,4,4,4,3,2,0
5401,新日鐵住金株式会社,1,2018-06-26 15:17:00,2018-06-26 15:17:00,1,1,0,0,0,0,0,0,0,0
5401,日本製鉄株式会社,30,2018-02-09 10:00:00,2025-11-11 12:01:00,30,3,4,5,5,4,4,3,2,0
5406,株式会社　神戸製鋼所,30,2018-02-01 15:45:00,2025-11-10 13:05:00,30,5,4,4,4,4,4,3,2,0
5411,ジェイ　エフ　イー　ホールディングス株式会社,12,2018-06-21 16:05:00,2022-02-08 15:59:00,12,1,2,4,4,1,0,0,0,0
5411,ＪＦＥホールディングス株式会社,18,2018-02-06 11:22:00,2025-11-06 15:34:00,18,3,3,0,0,3,4,3,2,0
5423,東京製鐵株式会社,31,2018-02-09 14:44:00,2025-11-11 14:35:00,31,6,4,4,4,4,4,3,2,0
5444,大和工業株式会社,29,2018-02-14 09:10:00,2025-11-14 09:06:00,29,4,4,4,4,4,4,3,2,0
5471,大同特殊鋼株式会社,38,2018-02-14 09:41:00,2025-11-14 09:26:00,38,13,4,4,4,4,4,3,2,0
5480,日本冶金工業株式会社,30,2018-02-14 09:06:00,2025-11-14 09:05:00,30,4,4,5,4,4,4,3,2,0
5570,株式会社ジェノバ,8,2023-05-11 15:42:00,2025-12-22 15:48:00,8,0,0,0,0,0,3,3,2,0
5572,株式会社Ｒｉｄｇｅ－ｉ,8,2023-06-13 15:34:00,2025-10-24 14:04:00,8,0,0,0,0,0,3,3,2,0
5574,株式会社ＡＢＥＪＡ,8,2023-07-13 15:11:00,2025-11-25 15:30:00,8,0,0,0,0,0,2,4,2,0
5582,株式会社グリッド,7,2023-09-29 15:06:00,2025-09-25 16:38:00,7,0,0,0,0,0,2,3,2,0
5585,エコナビスタ株式会社,9,2023-09-14 16:07:00,2025-06-13 16:10:00,9,0,0,0,0,0,1,3,5,0
5586,株式会社Ｌａｂｏｒｏ．ＡＩ,7,2023-08-14 15:50:00,2025-12-19 16:13:00,7,0,0,0,0,0,2,3,2,0
5588,ファーストアカウンティング株式会社,6,2023-11-14 15:46:00,2025-08-14 12:02:00,6,0,0,0,0,0,1,3,2,0
5590,株式会社ネットスターズ,6,2023-11-14 15:02:00,2025-08-14 15:30:00,6,0,0,0,0,0,1,3,2,0
5591,株式会社ＡＶＩＬＥＮ,6,2023-11-14 11:00:00,2025-08-14 15:30:00,6,0,0,0,0,0,1,3,2,0
5592,株式会社くすりの窓口,6,2023-11-14 15:02:00,2025-11-14 12:05:00,6,0,0,0,0,0,1,3,2,0
5595,株式会社ＱＰＳ研究所,6,2024-01-15 16:32:00,2025-08-27 14:23:00,6,0,0,0,0,0,0,3,3,0
5621,株式会社ヒューマンテクノロジーズ,5,2024-02-14 15:16:00,2025-11-14 16:12:00,5,0,0,0,0,0,0,3,2,0
5631,株式会社日本製鋼所,29,2018-02-14 11:02:00,2025-11-13 15:30:00,29,4,4,4,4,4,4,3,2,0
5706,三井金属株式会社,1,2025-11-13 15:32:00,2025-11-13 15:32:00,1,0,0,0,0,0,0,0,1,0
5706,三井金属鉱業株式会社,29,2018-02-13 16:14:00,2025-06-25 15:33:00,29,4,4,4,4,4,4,4,1,0
5711,三菱マテリアル株式会社,36,2018-02-13 15:57:00,2025-11-11 16:01:00,36,7,4,4,5,4,6,4,2,0
5713,住友金属鉱山株式会社,31,2018-02-14 14:10:00,2025-11-12 13:10:00,31,4,4,4,5,4,4,4,2,0
5714,ＤＯＷＡホールディングス株式会社,34,2018-02-13 09:26:00,2025-11-13 10:02:00,34,6,4,7,4,4,4,3,2,0
5759,日本電解株式会社,13,2021-11-10 15:00:00,2024-11-14 14:23:00,13,0,0,0,1,5,4,3,0,0
5801,古河電気工業株式会社,29,2018-02-09 11:02:00,2025-11-13 11:33:00,29,4,4,4,4,4,4,3,2,0
5802,住友電気工業株式会社,29,2018-02-07 09:15:00,2025-11-05 12:06:00,29,4,4,4,4,4,4,3,2,0
5803,株式会社フジクラ,29,2018-02-06 14:57:00,2025-11-10 13:24:00,29,4,4,4,4,4,4,3,2,0
5805,昭和電線ホールディングス株式会社,22,2018-02-08 09:21:00,2023-02-08 10:00:00,22,4,5,4,4,4,1,0,0,0
5805,ＳＷＣＣ株式会社,8,2023-06-27 12:28:00,2025-11-12 15:00:00,8,0,0,0,0,0,3,3,2,0
5831,株式会社しずおかフィナンシャルグループ,9,2023-02-10 09:18:00,2025-11-26 11:27:00,9,0,0,0,0,0,4,3,2,0
5834,ＳＢＩリーシングサービス株式会社,10,2022-11-14 11:30:00,2025-11-13 11:30:00,10,0,0,0,0,1,4,3,2,0
5842,インテグラル株式会社,6,2023-11-13 16:37:00,2025-08-12 15:10:00,6,0,0,0,0,0,1,3,2,0
5857,アサヒホールディングス株式会社,22,2018-02-13 09:49:00,2023-06-21 13:31:00,22,4,4,4,4,4,2,0,0,0
5857,ＡＲＥホールディングス株式会社,7,2023-08-10 13:22:00,2025-11-13 13:07:00,7,0,0,0,0,0,2,3,2,0
5888,ＤＡＩＷＡ　ＣＹＣＬＥ株式会社,7,2023-12-15 15:00:00,2025-09-12 15:30:00,7,0,0,0,0,0,1,4,2,0
5892,株式会社ｙｕｔｏｒｉ,6,2024-02-13 16:00:00,2025-11-13 16:00:00,6,0,0,0,0,0,0,3,3,0
5929,三和ホールディングス株式会社,31,2018-02-13 11:24:00,2025-11-13 11:16:00,31,4,5,5,4,4,4,3,2,0
5947,リンナイ株式会社,29,2018-02-13 10:01:00,2025-11-13 10:00:00,29,4,4,4,4,4,4,3,2,0
5991,日本発條株式会社,30,2018-02-07 09:42:00,2025-11-13 10:33:00,30,4,4,5,4,4,4,3,2,0
6005,三浦工業株式会社,30,2018-02-14 09:00:00,2025-11-14 09:47:00,30,4,4,4,4,4,4,4,2,0
6026,ＧＭＯ　ＴＥＣＨ株式会社,34,2018-03-20 10:35:00,2025-08-07 16:02:00,34,4,5,7,5,4,4,3,2,0
6027,弁護士ドットコム株式会社,29,2018-02-13 16:11:00,2025-11-12 15:32:00,29,4,4,4,4,4,4,3,2,0
6028,テクノプロ・ホールディングス株式会社,33,2018-02-09 10:37:00,2025-09-26 14:17:00,33,5,4,6,4,4,5,3,2,0
6030,株式会社アドベンチャー,37,2018-02-14 15:01:00,2025-12-18 12:22:00,37,5,4,10,4,4,4,3,3,0
6031,サイジニア株式会社,29,2018-02-09 15:59:00,2024-09-30 15:00:00,29,4,4,4,4,5,5,3,0,0
6031,ＺＥＴＡ株式会社,10,2025-02-25 14:35:00,2025-08-12 15:30:00,10,0,0,0,0,0,0,0,10,0
6040,日本スキー場開発株式会社,36,2018-03-15 15:15:00,2025-10-22 16:18:00,36,4,5,4,4,4,5,8,2,0
6069,トレンダーズ株式会社,30,2018-02-14 15:00:00,2025-11-14 15:30:00,30,4,4,4,4,4,4,3,3,0
6086,シンメンテホールディングス株式会社,31,2018-01-15 15:08:00,2025-10-10 15:34:00,31,4,4,4,5,4,4,4,2,0
6094,株式会社フリークアウト・ホールディングス,36,2018-02-09 15:05:00,2025-12-24 15:59:00,36,4,4,5,4,10,4,3,2,0
6098,株式会社リクルートホールディングス,35,2018-02-14 15:02:00,2025-11-06 15:30:00,35,6,5,4,4,7,4,3,2,0
6101,株式会社ツガミ,32,2018-02-13 09:38:00,2025-11-13 14:37:00,32,4,4,4,4,4,7,3,2,0
6103,オークマ株式会社,30,2018-02-08 09:23:00,2025-11-10 09:49:00,30,4,4,5,4,4,4,3,2,0
6113,株式会社アマダ,26,2018-02-14 13:36:00,2025-11-13 15:30:00,26,3,3,2,4,5,4,3,2,0
6113,株式会社アマダホールディングス,4,2018-06-27 13:00:00,2020-06-25 15:31:00,4,1,1,2,0,0,0,0,0,0
6141,ＤＭＧ森精機株式会社,29,2018-03-22 16:53:00,2025-08-08 16:47:00,29,4,4,4,4,4,4,3,2,0
6146,株式会社ディスコ,29,2018-02-09 15:10:00,2025-10-31 15:00:00,29,4,4,4,4,4,4,3,2,0
6176,株式会社ブランジスタ,29,2018-02-09 15:31:00,2025-12-15 15:30:00,29,4,4,4,4,4,4,3,2,0
6178,日本郵政株式会社,52,2018-02-14 15:01:00,2025-11-14 15:30:00,52,4,6,4,7,6,14,8,3,0
6182,株式会社メタリアル,32,2018-01-12 15:31:00,2025-10-15 15:42:00,32,3,3,0,12,4,4,4,2,0
6182,株式会社ロゼッタ,10,2018-05-30 15:08:00,2021-07-15 15:01:00,10,1,1,4,4,0,0,0,0,0
6201,株式会社豊田自動織機,29,2018-02-13 11:07:00,2025-11-11 14:55:00,29,4,4,4,4,4,4,3,2,0
6224,株式会社ＪＲＣ,7,2023-10-13 15:31:00,2025-10-15 15:32:00,7,0,0,0,0,0,1,4,2,0
6232,株式会社自律制御システム研究所,6,2019-06-28 13:58:00,2021-02-12 15:21:00,6,0,1,4,1,0,0,0,0,0
6232,株式会社ＡＣＳＬ,20,2019-02-13 16:33:00,2025-08-14 15:50:00,20,0,3,0,3,5,4,3,2,0
6254,野村マイクロ・サイエンス株式会社,32,2018-02-13 17:04:00,2025-11-14 15:31:00,32,4,5,5,4,4,4,3,3,0
6255,株式会社エヌ・ピー・シー,33,2018-01-12 10:43:00,2025-11-28 10:23:00,33,4,4,4,4,4,7,4,2,0
6269,三井海洋開発株式会社,29,2018-03-23 11:28:00,2025-08-08 10:50:00,29,4,4,4,4,4,4,3,2,0
6273,ＳＭＣ株式会社,33,2018-02-07 15:05:00,2025-11-13 14:10:00,33,5,4,4,5,4,6,3,2,0
6301,株式会社小松製作所,29,2018-02-13 11:58:00,2025-11-13 15:09:00,29,4,4,4,4,4,4,3,2,0
6302,住友重機械工業株式会社,31,2018-02-07 11:01:00,2025-11-27 13:53:00,31,4,4,4,4,5,4,3,3,0
6305,日立建機株式会社,34,2018-02-09 13:04:00,2025-11-10 15:33:00,34,4,5,4,4,7,4,3,3,0
6323,ローツェ株式会社,31,2018-01-15 09:30:00,2025-10-15 09:01:00,31,4,4,4,4,4,4,5,2,0
6326,株式会社　クボタ,35,2018-03-23 14:59:00,2025-08-08 15:00:00,35,4,7,4,4,5,4,3,4,0
6361,株式会社荏原製作所,33,2018-03-29 10:09:00,2025-08-14 15:36:00,33,5,4,4,4,4,4,5,3,0
6367,ダイキン工業株式会社,30,2018-02-14 15:38:00,2025-11-06 09:24:00,30,4,4,4,4,5,4,3,2,0
6368,オルガノ株式会社,30,2018-02-13 14:43:00,2025-11-07 14:21:00,30,4,4,4,4,5,4,3,2,0
6383,株式会社ダイフク,31,2018-02-13 16:35:00,2025-08-08 15:41:00,31,4,4,4,4,5,4,4,2,0
6417,株式会社三共,29,2018-02-13 09:26:00,2025-11-13 09:16:00,29,4,4,4,4,4,4,3,2,0
6432,株式会社竹内製作所,31,2018-01-12 13:05:00,2025-10-14 09:37:00,31,4,4,4,4,4,4,5,2,0
6436,アマノ株式会社,30,2018-02-05 13:17:00,2025-11-07 15:25:00,30,4,4,4,4,4,4,4,2,0
6448,ブラザー工業株式会社,29,2018-02-14 11:03:00,2025-11-13 15:04:00,29,4,4,4,4,4,4,3,2,0
6460,セガサミーホールディングス株式会社,30,2018-02-14 11:23:00,2025-11-14 14:17:00,30,4,4,4,4,4,4,4,2,0
6465,ホシザキ株式会社,31,2018-03-28 16:00:00,2025-08-08 15:30:00,31,4,5,4,4,4,4,3,3,0
6471,日本精工株式会社,29,2018-02-09 09:34:00,2025-11-07 13:36:00,29,4,4,4,4,4,4,3,2,0
6472,ＮＴＮ株式会社,32,2018-02-02 15:00:00,2025-11-07 15:31:00,32,5,4,6,4,4,4,3,2,0
6473,株式会社ジェイテクト,30,2018-02-13 14:54:00,2025-11-13 14:52:00,30,4,5,4,4,4,4,3,2,0
6479,ミネベアミツミ株式会社,30,2018-02-14 10:50:00,2025-11-13 09:58:00,30,4,4,5,4,4,4,3,2,0
6501,株式会社日立製作所,38,2018-02-07 16:00:00,2025-11-11 15:31:00,38,4,7,4,4,4,4,3,8,0
6503,三菱電機株式会社,29,2018-02-07 14:10:00,2025-11-11 12:55:00,29,4,4,4,4,4,4,3,2,0
6504,富士電機株式会社,29,2018-02-14 15:30:00,2025-11-14 15:30:00,29,4,4,4,4,4,4,3,2,0
6506,株式会社安川電機,31,2018-02-02 10:32:00,2025-10-06 11:19:00,31,4,4,4,4,4,5,4,2,0
6521,株式会社オキサイド,15,2021-10-14 16:04:00,2025-10-15 12:21:00,15,0,0,0,1,4,4,4,2,0
6526,株式会社ソシオネクスト,10,2022-11-14 09:35:00,2025-11-14 09:15:00,10,0,0,0,0,1,4,3,2,0
6532,株式会社ベイカレント,3,2024-10-10 15:05:00,2025-10-15 15:30:00,3,0,0,0,0,0,0,1,2,0
6532,株式会社ベイカレント・コンサルティング,27,2018-01-12 15:05:00,2024-07-11 15:05:00,27,4,4,4,4,4,4,3,0,0
6544,ジャパンエレベーターサービスホールディングス株式会社,29,2018-02-08 12:38:00,2025-11-14 10:54:00,29,4,4,4,4,4,4,3,2,0
6557,株式会社ｇｌｏｂａｌ　ｂｒｉｄｇｅ　ＨＯＬＤＩＮＧＳ,9,2020-03-26 14:30:00,2022-02-14 14:12:00,9,0,0,4,4,1,0,0,0,0
6557,ＡＩＡＩグループ株式会社,13,2022-06-24 09:06:00,2025-11-07 10:00:00,13,0,0,0,0,3,5,3,2,0
6561,株式会社ＨＡＮＡＴＯＵＲ　ＪＡＰＡＮ,31,2018-03-29 16:41:00,2025-08-14 16:00:00,31,5,4,4,5,4,4,3,2,0
6562,株式会社ジーニー,32,2018-02-14 11:31:00,2025-11-14 15:38:00,32,4,5,4,4,4,4,4,3,0
6568,神戸天然物化学株式会社,28,2018-06-28 15:00:00,2025-11-14 15:35:00,28,3,4,4,4,4,4,3,2,0
6574,株式会社コンヴァノ,29,2018-06-29 13:22:00,2025-11-13 15:34:00,29,3,4,4,4,4,5,3,2,0
6586,株式会社マキタ,30,2018-02-08 14:49:00,2025-11-07 13:18:00,30,4,4,5,4,4,4,3,2,0
6590,芝浦メカトロニクス株式会社,30,2018-02-09 11:46:00,2025-11-13 13:09:00,30,4,4,4,5,4,4,3,2,0
6594,ニデック株式会社,16,2023-06-21 16:49:00,2025-11-14 15:31:00,16,0,0,0,0,0,3,11,2,0
6594,日本電産株式会社,21,2018-02-13 15:40:00,2023-02-13 15:07:00,21,4,4,4,4,4,1,0,0,0
6612,バルミューダ株式会社,17,2021-03-25 12:36:00,2025-08-08 15:49:00,17,0,0,0,4,4,4,3,2,0
6613,株式会社ＱＤレーザ,17,2021-02-12 16:37:00,2025-11-13 16:33:00,17,0,0,0,4,4,4,3,2,0
6632,株式会社ＪＶＣケンウッド,31,2018-02-09 16:01:00,2025-11-12 09:11:00,31,4,4,5,4,5,4,3,2,0
6645,オムロン株式会社,29,2018-02-09 10:32:00,2025-11-14 12:15:00,29,4,4,4,4,4,4,3,2,0
6670,株式会社ＭＣＪ,29,2018-02-14 10:08:00,2025-11-14 11:31:00,29,4,4,4,4,4,4,3,2,0
6674,株式会社　ジーエス・ユアサ　コーポレーション,31,2018-02-02 15:10:00,2025-11-06 15:09:00,31,5,4,4,4,4,4,4,2,0
6701,日本電気株式会社,31,2018-01-31 13:29:00,2025-10-29 16:22:00,31,4,4,5,4,4,4,4,2,0
6702,富士通株式会社,29,2018-02-02 15:30:00,2025-10-31 15:00:00,29,4,4,4,4,4,4,3,2,0
6707,サンケン電気株式会社,32,2018-02-13 15:01:00,2025-11-13 15:30:00,32,4,5,4,4,4,6,3,2,0
6723,ルネサスエレクトロニクス株式会社,35,2018-03-29 15:00:00,2025-08-01 14:45:00,35,4,5,4,4,4,8,4,2,0
6724,セイコーエプソン株式会社,29,2018-02-02 10:09:00,2025-11-07 10:25:00,29,4,4,4,4,4,4,3,2,0
6728,株式会社　アルバック,30,2018-02-13 15:29:00,2025-09-26 15:47:00,30,4,4,4,4,5,4,3,2,0
6752,パナソニックホールディングス株式会社,18,2018-02-14 11:25:00,2025-11-07 11:50:00,18,3,3,0,0,3,4,3,2,0
6752,パナソニック株式会社,11,2018-06-29 10:00:00,2022-02-10 11:11:00,11,1,1,4,4,1,0,0,0,0
6753,シャープ株式会社,40,2018-02-13 15:00:00,2025-11-14 15:30:00,40,4,6,4,13,4,4,3,2,0
6758,ソニーグループ株式会社,22,2018-02-08 15:00:00,2025-11-14 16:24:00,22,3,3,0,3,4,4,3,2,0
6758,ソニー株式会社,8,2018-06-19 15:45:00,2021-02-09 15:09:00,8,1,2,4,1,0,0,0,0,0
6762,ＴＤＫ株式会社,29,2018-02-14 09:25:00,2025-11-13 11:33:00,29,4,4,4,4,4,4,3,2,0
6770,アルプスアルパイン株式会社,30,2018-02-08 15:10:00,2025-11-11 15:30:00,30,4,4,5,4,4,4,3,2,0
6787,株式会社メイコー,33,2018-02-13 13:56:00,2025-11-12 14:57:00,33,4,4,8,4,4,4,3,2,0
6806,ヒロセ電機株式会社,29,2018-02-09 09:27:00,2025-11-13 10:02:00,29,4,4,4,4,4,4,3,2,0
6841,横河電機株式会社,31,2018-02-07 09:06:00,2025-11-05 15:00:00,31,4,4,4,4,4,6,3,2,0
6845,アズビル株式会社,30,2018-02-13 09:57:00,2025-11-10 10:52:00,30,4,4,4,4,4,4,3,3,0
6849,日本光電工業株式会社,31,2018-02-14 11:37:00,2025-11-12 11:01:00,31,4,6,4,4,4,4,3,2,0
6856,株式会社堀場製作所,29,2018-03-26 10:53:00,2025-08-08 11:28:00,29,4,4,4,4,4,4,3,2,0
6857,株式会社アドバンテスト,30,2018-02-13 11:59:00,2025-11-13 13:25:00,30,4,4,4,4,5,4,3,2,0
6861,株式会社キーエンス,32,2018-02-02 15:01:00,2025-10-31 16:01:00,32,4,4,5,4,4,4,5,2,0
6869,シスメックス株式会社,30,2018-02-13 11:13:00,2025-11-07 16:20:00,30,4,4,4,4,4,4,3,3,0
6902,株式会社デンソー,29,2018-02-13 10:14:00,2025-11-05 09:28:00,29,4,4,4,4,4,4,3,2,0
6920,レーザーテック株式会社,29,2018-02-09 09:08:00,2025-09-25 15:48:00,29,4,4,4,4,4,4,3,2,0
6951,日本電子株式会社,34,2018-02-09 16:01:00,2025-11-14 16:03:00,34,4,4,5,5,5,6,3,2,0
6952,カシオ計算機株式会社,29,2018-02-14 11:27:00,2025-11-13 11:35:00,29,4,4,4,4,4,4,3,2,0
6954,ファナック株式会社,30,2018-02-09 09:03:00,2025-11-11 13:53:00,30,4,4,4,5,4,4,3,2,0
6963,ローム株式会社,29,2018-02-06 11:04:00,2025-11-07 10:12:00,29,4,4,4,4,4,4,3,2,0
6965,浜松ホトニクス株式会社,30,2018-02-09 09:17:00,2025-12-26 10:44:00,30,4,4,4,4,4,4,3,3,0
6966,株式会社三井ハイテック,29,2018-04-23 10:17:00,2025-09-09 15:46:00,29,4,4,4,4,4,4,3,2,0
6971,京セラ株式会社,29,2018-02-14 15:17:00,2025-11-13 15:31:00,29,4,4,4,4,4,4,3,2,0
6976,太陽誘電株式会社,29,2018-02-14 10:09:00,2025-11-14 10:07:00,29,4,4,4,4,4,4,3,2,0
6981,株式会社村田製作所,35,2018-02-13 10:57:00,2025-11-12 15:40:00,35,4,5,4,4,9,4,3,2,0
6988,日東電工株式会社,32,2018-02-02 15:22:00,2025-10-29 16:06:00,32,4,5,4,4,5,4,4,2,0
7003,株式会社三井Ｅ＆Ｓ,9,2023-06-28 16:10:00,2025-11-13 13:05:00,9,0,0,0,0,0,4,3,2,0
7003,株式会社三井Ｅ＆Ｓホールディングス,23,2018-02-13 15:34:00,2023-02-14 15:30:00,23,5,4,4,4,5,1,0,0,0
7004,カナデビア株式会社,7,2024-10-02 11:01:00,2025-11-13 13:05:00,7,0,0,0,0,0,0,2,5,0
7004,日立造船株式会社,29,2018-02-13 13:29:00,2024-06-28 10:57:00,29,4,4,4,6,4,4,3,0,0
7011,三菱重工業株式会社,29,2018-02-09 15:25:00,2025-11-11 14:00:00,29,4,4,4,4,4,4,3,2,0
7012,川崎重工業株式会社,30,2018-02-08 10:57:00,2025-11-11 11:36:00,30,4,4,5,4,4,4,3,2,0
7013,株式会社ＩＨＩ,34,2018-02-14 16:08:00,2025-11-10 10:57:00,34,6,5,4,4,6,4,3,2,0
7014,株式会社名村造船所,32,2018-02-07 09:00:00,2025-11-11 09:52:00,32,4,4,4,4,4,5,3,4,0
7047,ポート株式会社,27,2019-02-08 16:30:00,2025-11-13 15:30:00,27,0,5,4,4,4,4,3,3,0
7048,ベルトラ株式会社,30,2019-03-29 10:14:00,2025-08-14 15:32:00,30,0,4,5,4,5,4,4,4,0
7050,株式会社フロンティアインターナショナル,27,2019-03-14 15:10:00,2025-12-15 17:06:00,27,0,4,4,4,4,6,3,2,0
7061,日本ホスピスホールディングス株式会社,25,2019-03-29 13:27:00,2025-08-13 15:34:00,25,0,4,4,4,4,4,3,2,0
7066,株式会社ピアズ,23,2019-08-14 15:00:00,2025-12-25 15:39:00,23,0,2,4,4,4,4,3,2,0
7068,フィードフォースグループ株式会社,16,2019-10-11 16:14:00,2026-01-14 15:58:00,16,0,1,0,1,4,4,3,2,1
7068,株式会社フィードフォース,10,2019-08-28 16:20:00,2021-08-26 16:26:00,10,0,1,6,3,0,0,0,0,0
7079,ＷＤＢココ株式会社,22,2020-02-07 16:07:00,2025-11-14 11:33:00,22,0,0,4,5,4,4,3,2,0
7094,株式会社ＮｅｘＴｏｎｅ,22,2020-06-25 12:25:00,2025-11-12 11:40:00,22,0,0,3,5,4,4,3,3,0
7096,株式会社ステムセル研究所,16,2021-06-30 15:20:00,2025-11-14 15:32:00,16,0,0,0,3,4,4,3,2,0
7105,三菱ロジスネクスト株式会社,33,2018-02-13 12:04:00,2025-11-14 15:22:00,33,5,4,4,4,4,7,3,2,0
7110,株式会社クラシコム,12,2022-10-31 12:20:00,2025-10-28 15:44:00,12,0,0,0,0,2,5,3,2,0
7119,株式会社ハルメクホールディングス,8,2023-06-29 15:00:00,2025-11-14 15:31:00,8,0,0,0,0,0,3,3,2,0
7133,ＨＹＵＧＡ　ＰＲＩＭＡＲＹ　ＣＡＲＥ株式会社,12,2022-06-30 15:20:00,2025-11-14 15:35:00,12,0,0,0,0,3,4,3,2,0
7148,株式会社ＦＰＧ,30,2018-02-09 16:11:00,2025-12-19 17:01:00,30,4,4,4,5,4,4,3,2,0
7157,ライフネット生命保険株式会社,31,2018-02-09 16:35:00,2025-11-13 16:37:00,31,4,5,4,4,4,5,3,2,0
7164,全国保証株式会社,29,2018-02-07 12:14:00,2025-11-07 13:44:00,29,4,4,4,4,4,4,3,2,0
7167,株式会社めぶきフィナンシャルグループ,33,2018-02-13 09:33:00,2025-11-25 15:14:00,33,5,4,4,6,4,4,4,2,0
7182,株式会社ゆうちょ銀行,29,2018-02-14 15:00:00,2025-11-21 15:30:00,29,4,4,4,4,4,4,3,2,0
7186,株式会社コンコルディア・フィナンシャルグループ,38,2018-02-07 09:07:00,2025-06-12 09:23:00,38,5,6,4,4,6,8,4,1,0
7186,株式会社横浜フィナンシャルグループ,1,2025-11-17 11:16:00,2025-11-17 11:16:00,1,0,0,0,0,0,0,0,1,0
7201,日産自動車株式会社,32,2018-02-13 09:46:00,2025-11-10 15:40:00,32,4,7,4,4,4,4,3,2,0
7202,いすゞ自動車株式会社,34,2018-02-09 10:52:00,2025-11-13 14:43:00,34,5,4,8,4,4,4,3,2,0
7203,トヨタ自動車株式会社,35,2018-02-13 15:00:00,2025-11-13 15:30:00,35,4,4,4,9,4,5,3,2,0
7205,日野自動車株式会社,29,2018-02-05 15:30:00,2025-11-14 15:04:00,29,4,4,4,4,4,4,3,2,0
7211,三菱自動車工業株式会社,34,2018-02-09 13:53:00,2025-11-12 16:08:00,34,4,4,4,5,4,5,5,3,0
7259,アイシン精機株式会社,7,2018-06-20 09:00:00,2021-02-12 09:00:00,7,1,1,4,1,0,0,0,0,0
7259,株式会社アイシン,22,2018-02-13 09:01:00,2025-11-07 14:01:00,22,3,3,0,3,4,4,3,2,0
7261,マツダ株式会社,33,2018-02-13 09:40:00,2025-11-13 09:08:00,33,5,7,4,4,4,4,3,2,0
7267,本田技研工業株式会社,29,2018-02-08 11:36:00,2025-11-11 15:30:00,29,4,4,4,4,4,4,3,2,0
7269,スズキ株式会社,29,2018-02-13 13:13:00,2025-11-13 16:25:00,29,4,4,4,4,4,4,3,2,0
7270,株式会社ＳＵＢＡＲＵ,35,2018-02-14 09:05:00,2025-11-12 10:15:00,35,7,4,5,5,4,5,3,2,0
7272,ヤマハ発動機株式会社,36,2018-03-26 11:19:00,2025-12-19 16:36:00,36,4,4,4,5,5,4,4,6,0
7276,株式会社小糸製作所,30,2018-02-02 09:19:00,2025-11-07 09:10:00,30,4,4,4,4,4,5,3,2,0
7282,豊田合成株式会社,29,2018-02-09 11:11:00,2025-11-07 15:13:00,29,4,4,4,4,4,4,3,2,0
7309,株式会社シマノ,30,2018-03-28 11:09:00,2025-08-07 09:13:00,30,5,4,4,4,4,4,3,2,0
7317,株式会社松屋アールアンドディ,21,2020-06-26 14:57:00,2025-11-10 15:31:00,21,0,0,4,4,4,4,3,2,0
7318,セレンディップ・ホールディングス株式会社,16,2021-06-28 15:01:00,2025-11-12 15:21:00,16,0,0,0,3,4,4,3,2,0
7320,日本リビング保証株式会社,28,2018-05-15 11:09:00,2024-09-25 15:03:00,28,3,5,4,4,5,4,3,0,0
7320,Ｓｏｌｖｖｙ株式会社,4,2025-02-13 16:26:00,2025-09-30 16:55:00,4,0,0,0,0,0,0,0,4,0
7326,ＳＢＩインシュアランスグループ株式会社,28,2018-06-27 16:06:00,2025-11-21 10:00:00,28,3,4,4,4,4,4,3,2,0
7342,ウェルスナビ株式会社,15,2021-03-26 15:12:00,2024-08-09 15:30:00,15,0,0,0,4,4,4,3,0,0
7343,ブロードマインド株式会社,16,2021-06-30 14:15:00,2025-11-14 12:24:00,16,0,0,0,3,4,4,3,2,0
7352,株式会社Ｂｒａｎｄｉｎｇ　Ｅｎｇｉｎｅｅｒ,12,2020-07-15 14:11:00,2023-04-14 15:34:00,12,0,0,2,4,4,2,0,0,0
7352,株式会社ＴＷＯＳＴＯＮＥ＆Ｓｏｎｓ,8,2023-07-14 15:34:00,2025-11-27 15:44:00,8,0,0,0,0,0,2,4,2,0
7373,株式会社アイドマ・ホールディングス,16,2021-07-15 15:48:00,2025-11-28 14:19:00,16,0,0,0,2,4,4,4,2,0
7386,ジャパンワランティサポート株式会社,10,2022-08-04 15:09:00,2025-05-15 14:50:00,10,0,0,0,0,2,4,3,1,0
7409,ＡｅｒｏＥｄｇｅ株式会社,8,2023-09-29 16:45:00,2025-09-29 15:08:00,8,0,0,0,0,0,2,3,3,0
7419,株式会社ノジマ,31,2018-02-09 15:08:00,2025-11-10 14:15:00,31,4,4,5,4,4,4,4,2,0
7453,株式会社　良品計画,36,2018-01-11 09:57:00,2025-11-21 10:13:00,36,4,4,4,4,4,4,4,8,0
7459,株式会社メディパルホールディングス,29,2018-02-13 10:13:00,2025-11-13 15:12:00,29,4,4,4,4,4,4,3,2,0
7532,株式会社パン・パシフィック・インターナショナルホールディングス,29,2018-02-14 16:00:00,2025-09-25 13:20:00,29,4,4,4,4,4,4,3,2,0
7550,株式会社ゼンショーホールディングス,29,2018-02-06 15:04:00,2025-11-11 15:30:00,29,4,4,4,4,4,4,3,2,0
7564,株式会社ワークマン,29,2018-02-13 10:14:00,2025-11-13 10:19:00,29,4,4,4,4,4,4,3,2,0
7599,株式会社ＩＤＯＭ,31,2018-01-12 15:03:00,2025-10-15 10:23:00,31,4,4,4,4,4,5,4,2,0
7649,スギホールディングス株式会社,30,2018-01-11 10:21:00,2025-10-14 11:10:00,30,4,4,4,4,4,4,4,2,0
7674,株式会社ＮＡＴＴＹ　ＳＷＡＮＫＹ,9,2019-09-27 09:20:00,2021-11-12 16:19:00,9,0,1,4,4,0,0,0,0,0
7674,株式会社ＮＡＴＴＹ　ＳＷＡＮＫＹホールディングス,21,2019-05-13 12:08:00,2025-09-12 16:01:00,21,0,3,0,0,6,6,3,3,0
7683,株式会社ダブルエー,26,2019-12-13 16:00:00,2025-09-12 16:13:00,26,0,1,4,5,7,4,3,2,0
7685,株式会社ＢｕｙＳｅｌｌ　Ｔｅｃｈｎｏｌｏｇｉｅｓ,23,2020-03-26 15:01:00,2025-08-14 15:43:00,23,0,0,4,4,5,5,3,2,0
7701,株式会社　島津製作所,29,2018-02-08 09:48:00,2025-11-10 09:35:00,29,4,4,4,4,4,4,3,2,0
7707,プレシジョン・システム・サイエンス株式会社,31,2018-02-14 15:39:00,2025-09-29 15:06:00,31,4,4,5,4,4,5,3,2,0
7716,株式会社ナカニシ,29,2018-03-30 09:05:00,2025-08-08 15:45:00,29,4,4,4,4,4,4,3,2,0
7729,株式会社東京精密,30,2018-02-13 10:47:00,2025-11-05 11:10:00,30,4,4,4,4,4,4,4,2,0
7731,株式会社ニコン,29,2018-02-08 15:09:00,2025-11-06 15:30:00,29,4,4,4,4,4,4,3,2,0
7733,オリンパス株式会社,31,2018-02-09 16:00:00,2025-11-07 15:39:00,31,4,4,4,4,5,5,3,2,0
7735,株式会社ＳＣＲＥＥＮホールディングス,29,2018-02-13 11:41:00,2025-11-13 10:42:00,29,4,4,4,4,4,4,2,3,0
7740,株式会社タムロン,30,2018-03-28 10:37:00,2025-08-29 14:27:00,30,4,4,4,4,4,4,3,3,0
7741,ＨＯＹＡ株式会社,34,2018-02-01 09:58:00,2025-11-06 09:49:00,34,4,6,5,4,4,6,3,2,0
7744,ノーリツ鋼機株式会社,29,2018-02-13 10:30:00,2025-08-08 15:42:00,29,4,4,4,4,4,4,3,2,0
7747,朝日インテック株式会社,36,2018-02-14 15:43:00,2025-09-24 15:00:00,36,5,4,10,4,4,4,3,2,0
7751,キヤノン株式会社,31,2018-03-29 14:26:00,2025-08-07 15:30:00,31,5,4,4,5,4,4,3,2,0
7752,株式会社リコー,32,2018-01-10 15:00:00,2025-11-13 09:51:00,32,5,5,4,4,5,4,3,2,0
7762,シチズン時計株式会社,30,2018-02-14 10:47:00,2025-12-11 15:12:00,30,4,4,4,4,4,4,3,3,0
7774,株式会社ジャパン・ティッシュエンジニアリング,17,2018-02-13 14:03:00,2025-11-13 15:37:00,17,3,3,0,0,1,5,3,2,0
7774,株式会社ジャパン・ティッシュ・エンジニアリング,13,2018-06-27 13:34:00,2022-08-10 14:21:00,13,1,1,4,4,3,0,0,0,0
7776,株式会社セルシード,29,2018-03-30 11:30:00,2025-08-14 15:47:00,29,4,4,4,4,4,4,3,2,0
7777,株式会社スリー・ディー・マトリックス,30,2018-03-15 15:57:00,2025-12-11 16:02:00,30,4,4,4,4,4,4,4,2,0
7779,ＣＹＢＥＲＤＹＮＥ株式会社,29,2018-02-14 15:34:00,2025-11-13 16:42:00,29,4,4,4,4,4,4,3,2,0
7792,株式会社コラントッテ,15,2021-08-06 15:59:00,2025-12-22 10:54:00,15,0,0,0,2,4,4,3,2,0
7794,株式会社イーディーピー,12,2022-06-29 15:28:00,2025-11-14 15:09:00,12,0,0,0,0,3,4,3,2,0
7803,株式会社ブシロード,25,2019-10-28 09:42:00,2025-09-24 15:31:00,25,0,2,4,4,4,6,3,2,0
7806,株式会社ＭＴＧ,31,2018-08-10 15:08:00,2025-12-19 16:03:00,31,2,6,4,4,4,4,2,5,0
7832,株式会社バンダイナムコホールディングス,50,2018-02-13 10:23:00,2025-11-10 13:21:00,50,4,5,4,11,16,4,3,3,0
7846,株式会社パイロットコーポレーション,29,2018-03-29 13:26:00,2025-08-08 11:05:00,29,4,4,4,4,4,4,3,2,0
7867,株式会社タカラトミー,34,2018-02-13 09:45:00,2025-11-12 13:09:00,34,4,6,5,5,4,4,4,2,0
7906,ヨネックス株式会社,30,2018-02-09 10:01:00,2025-11-10 10:25:00,30,5,4,4,4,4,4,3,2,0
7911,凸版印刷株式会社,25,2018-02-14 09:16:00,2023-08-14 15:54:00,25,5,4,5,4,4,3,0,0,0
7911,ＴＯＰＰＡＮホールディングス株式会社,6,2023-11-14 13:26:00,2025-11-14 13:33:00,6,0,0,0,0,0,1,3,2,0
7912,大日本印刷株式会社,31,2018-02-14 11:16:00,2025-11-14 15:49:00,31,4,5,4,5,4,4,3,2,0
7936,株式会社アシックス,30,2018-03-30 13:11:00,2025-08-13 16:01:00,30,4,4,4,5,4,4,3,2,0
7944,ローランド株式会社,18,2021-03-31 15:19:00,2025-08-08 10:12:00,18,0,0,0,4,4,5,3,2,0
7951,ヤマハ株式会社,39,2018-02-14 15:00:00,2025-11-14 15:33:00,39,6,5,5,9,4,4,4,2,0
7974,任天堂株式会社,29,2018-02-13 11:29:00,2025-11-07 11:13:00,29,4,4,4,4,4,4,3,2,0
7988,株式会社ニフコ,39,2018-02-08 11:52:00,2025-11-12 11:46:00,39,6,4,6,4,6,4,7,2,0
7994,株式会社オカムラ,29,2018-02-13 09:04:00,2025-11-10 11:18:00,29,4,4,4,4,4,4,3,2,0
8001,伊藤忠商事株式会社,30,2018-02-09 13:39:00,2025-11-10 11:43:00,30,4,4,4,5,4,4,3,2,0
8002,丸紅株式会社,35,2018-02-13 16:06:00,2025-11-10 15:35:00,35,4,5,4,4,8,4,4,2,0
8015,豊田通商株式会社,29,2018-02-13 15:02:00,2025-11-13 13:14:00,29,4,4,4,4,4,4,3,2,0
8020,兼松株式会社,29,2018-02-09 16:07:00,2025-11-07 14:06:00,29,4,4,4,4,4,4,3,2,0
8031,三井物産株式会社,39,2018-02-13 11:17:00,2025-11-13 14:14:00,39,4,12,4,5,4,4,4,2,0
8035,東京エレクトロン株式会社,29,2018-02-13 15:07:00,2025-11-13 16:07:00,29,4,4,4,4,4,4,3,2,0
8053,住友商事株式会社,33,2018-02-09 13:57:00,2025-11-06 14:00:00,33,4,5,4,6,4,4,3,3,0
8056,日本ユニシス株式会社,11,2018-06-28 09:38:00,2022-02-10 13:50:00,11,1,1,4,4,1,0,0,0,0
8056,ＢＩＰＲＯＧＹ株式会社,19,2018-02-13 10:03:00,2025-11-14 11:05:00,19,3,3,0,0,3,5,3,2,0
8058,三菱商事株式会社,30,2018-02-14 15:46:00,2025-11-13 14:44:00,30,4,5,4,4,4,4,3,2,0
8060,キヤノンマーケティングジャパン株式会社,30,2018-03-28 14:12:00,2025-08-06 13:06:00,30,4,4,4,4,5,4,3,2,0
8078,阪和興業株式会社,29,2018-02-14 10:03:00,2025-11-07 13:06:00,29,4,4,4,4,4,4,3,2,0
8088,岩谷産業株式会社,29,2018-02-13 09:50:00,2025-11-11 16:01:00,29,4,4,4,4,4,4,3,2,0
8098,稲畑産業株式会社,29,2018-02-13 14:42:00,2025-11-13 10:00:00,29,4,4,4,4,4,4,3,2,0
8111,株式会社ゴールドウイン,30,2018-02-14 10:59:00,2025-11-14 10:00:00,30,4,4,4,5,4,4,3,2,0
8113,ユニ・チャーム株式会社,29,2018-03-29 09:00:00,2025-08-06 16:01:00,29,4,4,4,4,4,4,3,2,0
8130,株式会社サンゲツ,30,2018-02-14 15:10:00,2025-11-14 13:12:00,30,5,4,4,4,4,4,3,2,0
8133,伊藤忠エネクス株式会社,29,2018-02-09 16:33:00,2025-11-11 14:55:00,29,4,4,4,4,4,4,3,2,0
8136,株式会社サンリオ,30,2018-02-14 16:10:00,2025-11-14 11:01:00,30,4,4,4,4,4,4,4,2,0
8154,加賀電子株式会社,39,2018-02-14 11:37:00,2025-11-13 15:31:00,39,4,4,4,5,9,6,4,3,0
8174,日本瓦斯株式会社,29,2018-02-13 09:10:00,2025-11-11 16:36:00,29,4,4,4,4,4,4,3,2,0
8194,株式会社ライフコーポレーション,30,2018-01-12 12:10:00,2025-10-15 09:08:00,30,4,4,4,4,4,4,4,2,0
8227,株式会社しまむら,31,2018-05-14 09:11:00,2025-09-30 12:41:00,31,4,4,4,5,4,4,4,2,0
8233,株式会社髙島屋,31,2018-01-11 11:38:00,2025-10-14 15:00:00,31,4,4,4,4,4,5,4,2,0
8252,株式会社　丸井グループ,34,2018-02-01 15:15:00,2025-11-13 15:30:00,34,4,4,5,4,6,4,4,3,0
8253,株式会社クレディセゾン,30,2018-02-14 11:36:00,2025-11-14 16:00:00,30,4,4,4,4,4,4,3,3,0
8267,イオン株式会社,31,2018-01-15 10:32:00,2025-10-15 15:05:00,31,5,4,4,4,4,4,4,2,0
8279,株式会社ヤオコー,29,2018-02-13 15:18:00,2025-06-24 11:00:00,29,4,4,4,4,5,4,3,1,0
8304,株式会社あおぞら銀行,37,2018-02-13 09:17:00,2025-11-27 09:40:00,37,4,4,4,4,5,4,10,2,0
8306,株式会社三菱ＵＦＪフィナンシャル・グループ,29,2018-02-14 15:11:00,2025-11-28 15:42:00,29,4,4,4,4,4,4,3,2,0
8308,株式会社　りそなホールディングス,30,2018-02-08 10:17:00,2025-11-21 10:02:00,30,4,4,4,4,4,4,3,3,0
8309,三井住友トラストグループ株式会社,4,2024-11-28 10:33:00,2025-11-27 10:05:00,4,0,0,0,0,0,0,1,3,0
8309,三井住友トラスト・ホールディングス株式会社,27,2018-02-13 10:10:00,2024-06-21 10:24:00,27,5,4,4,4,4,4,2,0,0
8316,株式会社三井住友フィナンシャルグループ,37,2018-02-14 16:16:00,2025-11-28 15:14:00,37,4,5,4,4,5,4,3,8,0
8331,株式会社千葉銀行,29,2018-02-09 09:07:00,2025-11-25 13:03:00,29,4,4,4,4,4,4,3,2,0
8354,株式会社ふくおかフィナンシャルグループ,32,2018-02-09 15:50:00,2025-11-25 15:39:00,32,4,4,4,5,4,5,4,2,0
8410,株式会社セブン銀行,30,2018-02-06 13:02:00,2025-11-14 13:03:00,30,4,4,4,4,5,4,3,2,0
8411,株式会社みずほフィナンシャルグループ,29,2018-02-14 13:08:00,2025-11-28 13:15:00,29,4,4,4,4,4,4,3,2,0
8424,芙蓉総合リース株式会社,43,2018-02-13 09:01:00,2025-11-13 10:32:00,43,4,4,5,5,4,12,7,2,0
8425,みずほリース株式会社,27,2018-02-08 15:05:00,2025-11-07 09:13:00,27,3,3,4,4,4,4,3,2,0
8425,興銀リース株式会社,2,2018-06-26 15:13:00,2019-06-25 15:08:00,2,1,1,0,0,0,0,0,0,0
8439,東京センチュリー株式会社,29,2018-02-05 13:52:00,2025-11-07 15:42:00,29,4,4,4,4,4,4,3,2,0
8473,ＳＢＩホールディングス株式会社,29,2018-02-13 12:30:00,2025-11-14 14:32:00,29,4,4,4,4,4,4,3,2,0
8515,アイフル株式会社,30,2018-02-14 13:09:00,2025-11-13 13:57:00,30,4,4,4,5,4,4,3,2,0
8572,アコム株式会社,31,2018-02-14 15:30:00,2025-11-13 10:31:00,31,4,4,4,6,4,4,3,2,0
8584,株式会社ジャックス,29,2018-02-08 10:45:00,2025-11-12 11:54:00,29,4,4,4,4,4,4,3,2,0
8591,オリックス株式会社,29,2018-02-13 10:01:00,2025-11-13 10:11:00,29,4,4,4,4,4,4,3,2,0
8593,三菱ＨＣキャピタル株式会社,26,2018-02-09 10:25:00,2025-11-14 16:02:00,26,3,3,0,3,4,8,3,2,0
8593,三菱ＵＦＪリース株式会社,8,2018-06-28 13:03:00,2021-02-12 15:17:00,8,1,1,5,1,0,0,0,0,0
8601,株式会社大和証券グループ本社,31,2018-02-07 16:17:00,2025-11-13 11:32:00,31,4,5,4,4,4,4,4,2,0
8604,野村ホールディングス株式会社,46,2018-02-14 16:22:00,2025-11-14 15:34:00,46,4,4,4,7,4,4,17,2,0
8630,ＳＯＭＰＯホールディングス株式会社,32,2018-02-14 16:05:00,2025-11-28 15:13:00,32,4,4,4,4,4,4,5,3,0
8697,株式会社日本取引所グループ,29,2018-02-13 10:43:00,2025-11-13 13:13:00,29,4,4,4,4,4,4,3,2,0
8725,ＭＳ＆ＡＤインシュアランスグループホールディングス株式会社,30,2018-02-14 16:34:00,2025-11-19 16:48:00,30,4,4,5,4,4,4,3,2,0
8750,第一生命ホールディングス株式会社,34,2018-02-14 16:36:00,2025-11-14 15:30:00,34,4,4,4,4,4,7,3,4,0
8766,東京海上ホールディングス株式会社,30,2018-02-14 16:34:00,2025-11-19 16:03:00,30,4,4,4,4,4,4,4,2,0
8795,株式会社Ｔ＆Ｄホールディングス,31,2018-02-14 16:06:00,2025-11-20 16:07:00,31,4,4,4,4,4,4,5,2,0
8801,三井不動産株式会社,29,2018-02-13 15:12:00,2025-11-11 15:37:00,29,4,4,4,4,4,4,3,2,0
8802,三菱地所株式会社,29,2018-02-13 13:25:00,2025-11-14 15:35:00,29,4,4,4,4,4,4,3,2,0
8804,東京建物株式会社,31,2018-03-28 14:07:00,2025-08-12 13:03:00,31,4,4,4,6,4,4,3,2,0
8830,住友不動産株式会社,32,2018-02-14 09:10:00,2025-11-12 09:37:00,32,4,5,4,4,5,4,4,2,0
8848,株式会社レオパレス２１,41,2018-02-13 15:00:00,2025-11-14 15:31:00,41,4,5,4,4,4,4,14,2,0
8850,スターツコーポレーション株式会社,29,2018-02-09 11:31:00,2025-11-14 13:40:00,29,4,4,4,4,4,4,3,2,0
8876,株式会社リログループ,36,2018-02-14 09:13:00,2025-11-14 09:02:00,36,4,4,6,5,7,5,3,2,0
8919,株式会社カチタス,30,2018-02-13 15:00:00,2025-11-12 15:30:00,30,4,4,4,4,4,4,3,3,0
8923,トーセイ株式会社,30,2018-02-28 14:58:00,2025-07-10 14:30:00,30,4,4,4,4,4,4,3,3,0
9001,東武鉄道株式会社,32,2018-02-14 09:36:00,2025-11-14 10:24:00,32,4,7,4,4,4,4,3,2,0
9005,東京急行電鉄株式会社,2,2018-06-28 14:55:00,2019-06-27 14:44:00,2,1,1,0,0,0,0,0,0,0
9005,東急株式会社,29,2018-02-08 14:19:00,2025-11-11 15:36:00,29,3,3,4,4,4,4,3,4,0
9006,京浜急行電鉄株式会社,30,2018-02-09 10:23:00,2025-11-10 15:35:00,30,4,4,4,4,4,5,3,2,0
9007,小田急電鉄株式会社,38,2018-02-14 13:11:00,2025-11-14 16:37:00,38,4,10,5,6,4,4,3,2,0
9008,京王電鉄株式会社,36,2018-02-14 10:11:00,2025-11-14 09:41:00,36,4,4,4,5,4,9,4,2,0
9009,京成電鉄株式会社,30,2018-02-09 11:14:00,2025-11-14 11:51:00,30,4,4,4,4,4,4,4,2,0
9020,東日本旅客鉄道株式会社,29,2018-02-07 10:43:00,2025-11-05 16:32:00,29,4,4,4,4,4,4,3,2,0
9021,西日本旅客鉄道株式会社,30,2018-02-09 15:00:00,2025-11-10 12:45:00,30,4,4,4,4,4,4,4,2,0
9022,東海旅客鉄道株式会社,31,2018-02-07 13:16:00,2025-11-06 09:00:00,31,6,4,4,4,4,4,3,2,0
9024,株式会社西武ホールディングス,34,2018-01-31 12:21:00,2025-11-14 11:37:00,34,7,4,5,4,5,4,3,2,0
9041,近鉄グループホールディングス株式会社,29,2018-02-14 09:37:00,2025-11-14 15:37:00,29,4,4,4,4,4,4,3,2,0
9064,ヤマトホールディングス株式会社,29,2018-02-09 09:04:00,2025-11-06 09:02:00,29,4,4,4,4,4,4,3,2,0
9065,山九株式会社,32,2018-02-14 10:22:00,2025-11-14 14:59:00,32,4,5,4,4,4,4,4,3,0
9069,センコーグループホールディングス株式会社,35,2018-02-14 11:16:00,2025-11-14 16:30:00,35,4,4,4,5,4,5,7,2,0
9090,株式会社丸和運輸機関,15,2018-06-28 15:01:00,2022-08-10 15:42:00,15,1,3,4,4,3,0,0,0,0
9090,ＡＺ－ＣＯＭ丸和ホールディングス株式会社,18,2018-02-13 15:11:00,2025-11-11 14:15:00,18,3,5,0,0,1,4,3,2,0
9101,日本郵船株式会社,33,2018-03-22 14:53:00,2025-11-10 13:40:00,33,4,4,8,4,4,4,3,2,0
9104,株式会社　商船三井,2,2025-06-23 09:02:00,2025-11-13 15:44:00,2,0,0,0,0,0,0,0,2,0
9104,株式会社商船三井,31,2018-02-13 09:42:00,2024-11-12 15:30:00,31,4,4,4,5,4,5,5,0,0
9107,川崎汽船株式会社,30,2018-02-13 09:17:00,2025-11-10 13:21:00,30,4,4,5,4,4,4,3,2,0
9110,ＮＳユナイテッド海運株式会社,31,2018-02-09 15:55:00,2025-11-12 14:42:00,31,4,4,4,4,4,4,3,4,0
9119,飯野海運株式会社,32,2018-02-13 15:31:00,2025-11-14 14:00:00,32,4,6,5,4,4,4,3,2,0
9142,九州旅客鉄道株式会社,31,2018-02-13 15:00:00,2025-11-07 15:30:00,31,4,4,4,5,5,4,3,2,0
9143,ＳＧホールディングス株式会社,31,2018-02-05 11:00:00,2025-11-10 16:15:00,31,4,4,4,6,4,4,3,2,0
9147,ＮＩＰＰＯＮ　ＥＸＰＲＥＳＳホールディングス株式会社,16,2022-05-12 15:16:00,2025-08-08 15:33:00,16,0,0,0,0,4,5,3,4,0
9158,株式会社シーユーシー,9,2023-06-29 15:55:00,2025-11-13 13:47:00,9,0,0,0,0,0,4,3,2,0
9162,株式会社ブリーチ,10,2023-09-29 15:00:00,2025-11-14 15:30:00,10,0,0,0,0,0,4,3,3,0
9163,株式会社ナレルグループ,6,2023-09-13 15:00:00,2025-06-13 15:30:00,6,0,0,0,0,0,1,3,2,0
9164,株式会社トライト,7,2023-08-10 15:19:00,2025-08-08 15:39:00,7,0,0,0,0,0,2,3,2,0
9166,株式会社ＧＥＮＤＡ,7,2023-09-12 14:12:00,2025-09-12 16:44:00,7,0,0,0,0,0,2,3,2,0
9168,株式会社ライズ・コンサルティング・グループ,8,2023-10-13 15:00:00,2025-10-14 15:30:00,8,0,0,0,0,0,1,4,3,0
9201,日本航空株式会社,30,2018-02-01 15:05:00,2025-10-31 15:21:00,30,5,4,4,4,4,4,3,2,0
9202,ＡＮＡホールディングス株式会社,30,2018-02-09 15:08:00,2025-11-06 11:44:00,30,4,4,4,4,4,5,3,2,0
9204,スカイマーク株式会社,9,2023-02-13 11:00:00,2025-11-13 15:32:00,9,0,0,0,0,0,4,3,2,0
9211,株式会社エフ・コード,14,2022-03-29 15:00:00,2025-08-14 16:19:00,14,0,0,0,0,4,4,4,2,0
9218,株式会社メンタルヘルステクノロジーズ,18,2022-03-31 15:41:00,2025-11-26 15:53:00,18,0,0,0,0,5,6,4,3,0
9223,株式会社ＡＳＮＯＶＡ,12,2022-06-29 11:17:00,2025-11-14 14:37:00,12,0,0,0,0,3,4,3,2,0
9227,マイクロ波化学株式会社,12,2022-06-29 12:59:00,2025-11-13 16:43:00,12,0,0,0,0,3,4,3,2,0
9245,株式会社リベロ,15,2021-11-15 15:31:00,2025-08-08 13:28:00,15,0,0,0,1,5,4,3,2,0
9251,株式会社ＡＢ＆Ｃｏｍｐａｎｙ,13,2022-01-28 15:04:00,2025-06-13 15:30:00,13,0,0,0,0,4,4,3,2,0
9252,株式会社ラストワンマイル,17,2022-02-28 15:57:00,2025-11-28 10:39:00,17,0,0,0,0,4,4,7,2,0
9270,バリュエンスホールディングス株式会社,29,2018-04-13 15:00:00,2025-11-25 16:35:00,29,3,3,3,4,5,5,4,2,0
9270,株式会社ＳＯＵ,6,2018-11-22 15:32:00,2020-01-14 16:02:00,6,2,3,1,0,0,0,0,0,0
9272,ブティックス株式会社,33,2018-06-27 15:05:00,2025-11-12 16:11:00,33,4,5,4,4,4,7,3,2,0
9302,三井倉庫ホールディングス株式会社,29,2018-02-07 13:41:00,2025-11-10 14:00:00,29,4,4,4,4,4,4,3,2,0
9338,株式会社ＩＮＦＯＲＩＣＨ,9,2023-03-31 15:14:00,2025-08-13 15:39:00,9,0,0,0,0,0,4,3,2,0
9343,株式会社アイビス,9,2023-03-29 15:30:00,2025-08-07 15:33:00,9,0,0,0,0,0,4,3,2,0
9348,株式会社ｉｓｐａｃｅ,8,2023-06-28 15:00:00,2025-11-14 15:45:00,8,0,0,0,0,0,3,3,2,0
9418,株式会社Ｕ－ＮＥＸＴ　ＨＯＬＤＩＮＧＳ,5,2024-04-10 10:55:00,2025-11-26 10:23:00,5,0,0,0,0,0,0,3,2,0
9418,株式会社ＵＳＥＮ－ＮＥＸＴ　ＨＯＬＤＩＮＧＳ,27,2018-03-30 10:27:00,2024-01-12 11:28:00,27,5,4,5,4,4,4,1,0,0
9432,日本電信電話株式会社,30,2018-02-13 15:13:00,2025-06-20 15:30:00,30,4,4,4,4,6,4,3,1,0
9432,ＮＴＴ株式会社,1,2025-11-07 15:47:00,2025-11-07 15:47:00,1,0,0,0,0,0,0,0,1,0
9433,ＫＤＤＩ株式会社,29,2018-02-05 15:01:00,2025-11-14 16:30:00,29,4,4,4,4,4,4,3,2,0
9434,ソフトバンク株式会社,26,2019-02-08 15:00:00,2025-11-11 15:30:00,26,0,4,4,5,4,4,3,2,0
9435,株式会社光通信,30,2018-02-14 13:01:00,2025-11-11 12:11:00,30,4,4,4,4,5,4,3,2,0
9449,ＧＭＯインターネットグループ株式会社,18,2018-05-15 11:52:00,2025-08-14 13:14:00,18,3,3,0,0,1,6,3,2,0
9449,ＧＭＯインターネット株式会社,17,2018-03-22 15:57:00,2022-08-12 12:12:00,17,1,1,4,8,3,0,0,0,0
9467,株式会社アルファポリス,29,2018-02-14 12:13:00,2025-11-13 15:59:00,29,4,4,4,4,4,4,3,2,0
9501,東京電力ホールディングス株式会社,29,2018-02-05 15:25:00,2025-11-14 14:03:00,29,4,4,4,4,4,4,3,2,0
9502,中部電力株式会社,31,2018-02-05 16:56:00,2025-11-12 15:36:00,31,4,4,4,4,4,4,4,3,0
9503,関西電力株式会社,35,2018-02-09 13:10:00,2025-11-13 10:09:00,35,4,4,7,6,5,4,3,2,0
9506,東北電力株式会社,30,2018-02-07 14:23:00,2025-11-10 13:54:00,30,4,4,4,5,4,4,3,2,0
9507,四国電力株式会社,34,2018-02-06 16:03:00,2025-11-12 09:11:00,34,4,4,8,4,4,5,3,2,0
9508,九州電力株式会社,30,2018-02-07 09:00:00,2025-11-12 09:39:00,30,4,5,4,4,4,4,3,2,0
9509,北海道電力株式会社,29,2018-02-13 11:24:00,2025-11-12 13:10:00,29,4,4,4,4,4,4,3,2,0
9513,電源開発株式会社,31,2018-02-01 09:00:00,2025-11-04 15:04:00,31,4,5,5,4,4,4,3,2,0
9522,リニューアブル・ジャパン株式会社,12,2022-03-31 15:15:00,2024-08-14 15:01:00,12,0,0,0,0,4,5,3,0,0
9531,東京瓦斯株式会社,29,2018-02-14 13:26:00,2025-11-14 11:40:00,29,4,4,4,4,4,4,3,2,0
9532,大阪瓦斯株式会社,29,2018-02-13 09:08:00,2025-11-07 16:37:00,29,4,4,4,4,4,4,3,2,0
9553,株式会社マイクロアド,12,2022-08-15 15:44:00,2025-12-26 13:06:00,12,0,0,0,0,2,4,3,3,0
9556,ＩＮＴＬＯＯＰ株式会社,11,2022-10-28 13:00:00,2025-10-27 15:51:00,11,0,0,0,0,2,4,3,2,0
9558,ジャパニアス株式会社,11,2022-10-12 16:30:00,2025-07-08 14:50:00,11,0,0,0,0,1,5,3,2,0
9560,株式会社プログリット,12,2022-11-30 15:00:00,2025-11-27 15:30:00,12,0,0,0,0,1,5,4,2,0
9561,株式会社グラッドキューブ,10,2022-11-14 15:00:00,2025-08-14 15:33:00,10,0,0,0,0,1,4,3,2,0
9602,東宝株式会社,31,2018-01-15 16:01:00,2025-10-15 15:55:00,31,4,5,4,4,4,4,4,2,0
9684,株式会社スクウェア・エニックス・ホールディングス,30,2018-02-09 09:51:00,2025-11-11 10:04:00,30,4,4,4,4,4,4,4,2,0
9697,株式会社カプコン,29,2018-01-31 16:03:00,2025-10-30 11:32:00,29,4,4,4,4,4,4,3,2,0
9719,ＳＣＳＫ株式会社,33,2018-02-13 09:06:00,2025-11-13 09:00:00,33,5,4,5,4,5,4,4,2,0
9735,セコム株式会社,29,2018-02-14 09:49:00,2025-11-14 10:19:00,29,4,4,4,4,4,4,3,2,0
9744,株式会社メイテック,24,2018-02-14 11:12:00,2023-08-09 10:30:00,24,4,4,4,4,4,4,0,0,0
9744,株式会社メイテックグループホールディングス,6,2023-11-13 10:28:00,2025-11-07 10:30:00,6,0,0,0,0,0,1,3,2,0
9759,株式会社ＮＳＤ,29,2018-02-14 10:45:00,2025-11-13 09:55:00,29,4,4,4,4,4,4,3,2,0
9766,コナミグループ株式会社,17,2018-02-13 13:52:00,2025-11-13 10:00:00,17,3,3,0,0,2,4,3,2,0
9766,コナミホールディングス株式会社,12,2018-06-28 13:11:00,2022-06-29 12:59:00,12,1,1,4,4,2,0,0,0,0
9843,株式会社ニトリホールディングス,29,2018-05-18 16:11:00,2025-11-13 15:33:00,29,5,4,4,4,4,3,3,2,0
9962,株式会社　ミスミグループ本社,32,2018-02-06 14:05:00,2025-11-07 14:01:00,32,4,4,7,4,4,4,3,2,0
9983,株式会社ファーストリテイリング,31,2018-01-12 12:49:00,2025-11-28 13:04:00,31,4,4,4,4,4,4,5,2,0
9984,ソフトバンクグループ株式会社,32,2018-02-14 11:32:00,2025-11-12 10:37:00,32,4,4,4,7,4,4,3,2,0
9989,株式会社サンドラッグ,29,2018-02-14 10:44:00,2025-11-14 15:44:00,29,4,4,4,4,4,4,3,2,0
