Code,mean,count,std,min,max
202A,0.49018365785714285,28,0.17392826123068372,0.109127492,0.818333209
5258,0.4816856751582278,158,0.2808448198593073,-0.623645306,0.845175087
228A,0.4638222201428571,21,0.3082534437664225,-0.670497596,0.677742422
9338,0.4606284653307985,263,0.2094414570200188,-0.586960137,0.846771359
4051,0.4539232175290323,155,0.24084347937092973,-0.513517618,0.783847988
6026,0.446198918656304,579,0.19126180269140503,-0.679687917,0.824157476
5590,0.4327312357868852,183,0.21875512919242884,-0.454646468,0.843669355
9558,0.4217592925,8,0.309037494602383,-0.203433454,0.820255339
5034,0.4204373538915663,83,0.21655387677670995,-0.335240066,0.837810278
3769,0.4199641748934338,929,0.2176410353937166,-0.583419859,0.782698452
4419,0.41766259381818177,165,0.2241593072796316,-0.336061597,0.697716773
7352,0.4171760673389831,59,0.21962633521685623,-0.119738966,0.811340511
3465,0.41674249312919465,596,0.1985058406533421,-0.681976914,0.802494466
147A,0.41671393169892473,186,0.23282144939570734,-0.664602816,0.827402532
9223,0.41253509426923074,26,0.27227549387263583,-0.323941946,0.792333782
9556,0.4045591864675325,77,0.2302762848878261,-0.448447347,0.831912339
4389,0.40347108325000003,44,0.24932500899795668,-0.281248927,0.812952399
5591,0.40311971310416667,48,0.2511305912790555,-0.561213732,0.687229335
5588,0.4004345151463415,41,0.20996718712232332,-0.200991213,0.742697001
4442,0.3997532435692308,65,0.2305194445225642,-0.278373331,0.631500959
5621,0.39811868165714287,35,0.2639785521025837,-0.332770675,0.811394453
3300,0.3961084369310345,116,0.1980862690597656,-0.184545636,0.844726563
5136,0.396088454,105,0.25228448016428706,-0.36912176,0.817932665
4259,0.39590705669850185,534,0.20371498635473012,-0.649356902,0.820108175
5834,0.3913962949090909,11,0.24660347957821022,0.038952976,0.807025552
4011,0.3909116081928934,197,0.24039888099084145,-0.405498624,0.836876988
4374,0.38861008827142857,210,0.20293210162297862,-0.196334243,0.836322069
5132,0.3877949015217391,46,0.2925976632164469,-0.467854321,0.790260792
3187,0.3867017446879432,141,0.23468168450202131,-0.607256055,0.828979552
3626,0.3859429156278435,1099,0.2172160219432803,-0.524983943,0.80666697
4054,0.3837725257111111,135,0.25736094701333195,-0.616205573,0.764910519
3623,0.38270998063194445,144,0.27607062259180715,-0.457361102,0.734323442
3479,0.38060981592580645,620,0.24936225309865417,-0.692230165,0.7633515
4414,0.37839716916,50,0.21273416520302335,-0.061525077,0.715209186
166A,0.3749701377303371,89,0.26639260985243624,-0.539718688,0.742396474
8424,0.37465573277128955,411,0.2338711069914702,-0.606491685,0.819235802
3231,0.3738321986402337,1198,0.27510037062824877,-0.668958604,0.817662716
8060,0.37348611599087456,1315,0.2286969462053862,-0.728867173,0.799552858
247A,0.3730485036229508,366,0.2142631543222337,-0.634793162,0.790514708
2158,0.3721095697704918,427,0.21598716739498833,-0.653961241,0.717692196
4482,0.3719338827,120,0.23991302870507575,-0.490207374,0.766775489
3773,0.3717715077777778,432,0.2197411147193211,-0.656404555,0.716322482
4015,0.37167966065540536,148,0.27722124206135335,-0.595376134,0.729169846
7119,0.370928333375,152,0.2632061468467364,-0.708198428,0.82274127
3491,0.37074069763976086,669,0.21636803788828687,-0.693874121,0.83298111
7373,0.3699825684714286,140,0.25833128263219757,-0.401381522,0.840867579
7911,0.36784246397022546,2351,0.20796967018340157,-0.700315595,0.830261886
9435,0.366613169880461,3731,0.24651748067656112,-0.689967513,0.830937028
218A,0.365965451372549,102,0.26169153975830495,-0.571186543,0.769163311
2934,0.365563635807971,276,0.27045405557670915,-0.60194546,0.824855268
3542,0.3648229588326848,257,0.24386520564734493,-0.64323771,0.82466352
4074,0.3631276237017544,57,0.2154389342789511,-0.164538682,0.630895734
8593,0.3621742400324401,709,0.24302589538404196,-0.664126515,0.839981139
3063,0.3621346093271605,162,0.2919861728207774,-0.665391922,0.740313053
1431,0.36156465547560973,246,0.21877744291967471,-0.419947445,0.834758639
9433,0.36149916265673276,7315,0.230551086333894,-0.709527314,0.828037858
4418,0.3614393714347826,69,0.25407562629579605,-0.570529103,0.662038267
4192,0.36059709838275866,290,0.23325833027928372,-0.615052342,0.793494105
7912,0.3595436393460375,3306,0.19596443674260602,-0.730547547,0.827359617
5248,0.3590180231937595,1987,0.23892686595834378,-0.719308078,0.814883649
5027,0.35744366773397435,312,0.21397256420948865,-0.616705775,0.84344995
7685,0.35702775058823527,272,0.2273715074157775,-0.549069405,0.756552339
7066,0.3563331501515151,66,0.24926474535675955,-0.535192847,0.737352729
4812,0.35631608780263163,760,0.21395499127664652,-0.363872945,0.804509521
176A,0.35342049749180326,61,0.31152826321757593,-0.585309684,0.798561215
1951,0.351022365302521,238,0.26033659162274514,-0.526097536,0.828702211
7110,0.3480109390060606,165,0.2458751656967858,-0.353093505,0.835250139
4264,0.34454832860732987,1528,0.22580818840767092,-0.580731034,0.81458801
9449,0.34432262693344706,1758,0.2361561280508952,-0.694287896,0.815111339
9272,0.3440560583204633,259,0.24351978735623508,-0.627666712,0.751513004
4376,0.343322843210084,357,0.25800979680539554,-0.589327574,0.796074152
9432,0.3419372110608982,8506,0.23922845006010537,-0.708182812,0.841545463
7326,0.34102204427941174,204,0.23281832378003445,-0.743490756,0.837902546
5038,0.34008755993150686,73,0.274230345411868,-0.57760942,0.815778255
6701,0.34005603708884885,7766,0.2276003157099046,-0.712176979,0.844367087
8876,0.33983476728825623,281,0.24098812068671344,-0.602078199,0.792390168
1878,0.3392552374283854,2304,0.22002587395804524,-0.732158542,0.822193146
4168,0.33859677300760455,263,0.241282757956419,-0.582172215,0.811429262
9553,0.3374026449319149,235,0.24104178088152683,-0.405182689,0.794431269
2978,0.33549084053977274,176,0.2303301679094674,-0.698187411,0.821182966
4495,0.33510273693258424,89,0.27448400237088755,-0.403701752,0.767696381
9252,0.33429397706914893,752,0.23278868572480088,-0.689527094,0.824602604
3418,0.3337865732368421,304,0.21449201958628664,-0.584251285,0.689994156
5888,0.32977866801219513,82,0.2709525340231573,-0.450984001,0.775237501
2726,0.32907144173454544,825,0.21203332619540072,-0.671559632,0.837043405
9005,0.3288944844761792,8438,0.23441937861234602,-0.706213713,0.845399976
6182,0.3288556053809524,126,0.2540637288241929,-0.576541305,0.774655759
5572,0.3275508045060976,164,0.20471934349675122,-0.478236258,0.65118134
4498,0.3274724998498818,846,0.2322350398649258,-0.498791248,0.780769527
4686,0.3271611383153153,444,0.21688714693768246,-0.508293629,0.797778308
2438,0.32710381958153845,650,0.23195285043709724,-0.593254149,0.837603867
3777,0.3269160383095238,84,0.2456261827948559,-0.445596397,0.720738828
2371,0.3255408899123661,1027,0.2310475130834869,-0.671257973,0.819217205
5137,0.32543501051713397,321,0.22175874865275746,-0.550666392,0.687807918
4270,0.3250232708787879,33,0.29332732488416585,-0.508844137,0.813286901
4425,0.3248420988866397,247,0.22319830506010563,-0.496643484,0.773081481
6232,0.32427373258620695,464,0.2593780981765924,-0.672613323,0.767268479
1436,0.32311488297087376,103,0.2671184493963322,-0.606014848,0.739623666
4431,0.32130662362258955,363,0.24191563076885428,-0.428534687,0.739844859
4377,0.3210168617490843,1092,0.2514231319130312,-0.651335239,0.839636385
3132,0.3202957620646766,201,0.27642453740531076,-0.701229393,0.788470209
5574,0.3202784047545455,110,0.23517448055109966,-0.615510523,0.733733654
9020,0.32008467077131514,8562,0.26706492575246876,-0.707975924,0.834185958
9142,0.3197806727977925,2265,0.250011678712461,-0.674731374,0.794377029
4371,0.3196504890597015,67,0.2831477241359637,-0.556363106,0.840129137
9719,0.31802811374108525,1290,0.2259557453070822,-0.712160408,0.828649163
2154,0.3179770829765258,213,0.22794028487368773,-0.677877128,0.66491586
3496,0.31667114395121954,41,0.324438158199899,-0.403701752,0.72786814
4204,0.3166643422168675,1245,0.252587017007083,-0.726874471,0.829875767
6845,0.31659913747465435,217,0.23798128736025945,-0.317652166,0.83120501
2760,0.31632267414396886,514,0.2557489610957943,-0.703129709,0.823293746
2327,0.3158058439109357,887,0.22375559384265925,-0.691964746,0.830340266
9104,0.3135669477592362,2409,0.2558111049906418,-0.718257189,0.827362895
1808,0.31305256493776823,1398,0.24728236405703485,-0.692852616,0.819838405
7751,0.31244956597985957,7547,0.2356691708614566,-0.728867173,0.829021752
9069,0.31215688261518987,395,0.24364760765517643,-0.687815785,0.782790542
8425,0.3118197982905569,413,0.2686778834744595,-0.724188685,0.839702189
4448,0.31074166336486486,74,0.2804263320512331,-0.549710989,0.786650896
3989,0.3103970508208955,268,0.23244473478591207,-0.634080946,0.71876061
8439,0.310069158346901,1081,0.2724915876232488,-0.595675349,0.83241117
9006,0.3099931336703994,2679,0.23395307983091881,-0.706163585,0.816623688
3064,0.30982094395493565,466,0.2787279435648127,-0.665304005,0.828432441
7048,0.3096866791542857,175,0.22804751324008907,-0.620495856,0.703214526
8410,0.3096125845466588,3397,0.25680760070777303,-0.712056518,0.825889111
5595,0.30936464620000004,245,0.26325241600120364,-0.592428267,0.79341948
3774,0.30911473763745495,1666,0.2455613293644868,-0.683247626,0.819813967
4755,0.30872172844399537,5196,0.2831643700835064,-0.698060215,0.832245111
7988,0.30834158191428573,70,0.26630742138948676,-0.598008394,0.814662337
2317,0.30705216578333333,60,0.27372273201459185,-0.57118088,0.751392186
8923,0.3069150223311688,154,0.2747770874356419,-0.693874121,0.813704014
2986,0.30614497972380955,210,0.23161111945751012,-0.697919369,0.737870395
7068,0.30581215487499996,96,0.28888774551332036,-0.58994472,0.822302341
5129,0.3053841406861314,274,0.2184079315375884,-0.578716457,0.665291786
5139,0.3043222357480695,1036,0.19489558498170512,-0.578891397,0.767586172
7994,0.3038253145134844,927,0.22134683998509835,-0.718718767,0.757369816
7047,0.3035069026267094,6874,0.2242845127327046,-0.70294559,0.826357901
5586,0.30312772589795917,147,0.21330370259682405,-0.395602763,0.815907598
9759,0.3023883267810651,169,0.2382786221255909,-0.596158504,0.752202034
8801,0.3023626181955186,2767,0.2777672005701252,-0.721039295,0.83541429
7343,0.3020765141372549,102,0.25624789270548115,-0.690974116,0.780123949
6040,0.3017487754180328,488,0.2442174792467803,-0.717645466,0.837809563
1802,0.30133843377548075,2080,0.26763228580972015,-0.714356601,0.808941782
1414,0.3010225322435897,78,0.2489021969957916,-0.478029191,0.825165153
7318,0.30071516870238096,84,0.2417436484186505,-0.251843929,0.746766388
5444,0.3002036810989148,2396,0.26916659391612524,-0.748525858,0.828678012
8850,0.29989966073703705,270,0.24370127449590606,-0.61124593,0.833595455
4169,0.29969509856852794,197,0.3253183501273702,-0.640617907,0.749374032
4475,0.2992378318193277,238,0.24537994943153893,-0.478849769,0.798429072
4056,0.29909031827848104,79,0.2658604126418032,-0.635214925,0.681274056
6632,0.29886059942561305,1835,0.22703432058963147,-0.692147613,0.820569277
8919,0.2985496460075758,132,0.3151048522570477,-0.505471587,0.842683196
9168,0.2977640304482759,58,0.2998786206688361,-0.603684425,0.82444489
8267,0.2973087222204263,8538,0.24877888913932786,-0.727625549,0.843688309
6728,0.295992808075,120,0.3092513906247393,-0.71030581,0.831115603
6472,0.2954985100455764,746,0.2563776937496448,-0.705852568,0.759975076
4980,0.29542559352694614,167,0.26974248438177534,-0.682762146,0.809778333
1911,0.29538303605607474,1712,0.2692388826347829,-0.718710661,0.836347759
245A,0.2953639923793104,29,0.22901437632338015,-0.445339352,0.825615406
4058,0.2947129581238095,105,0.22471641368601808,-0.442245632,0.641723692
4477,0.29413029196127244,4338,0.22507898406649704,-0.721676171,0.827920496
4417,0.29408070002479336,121,0.2152693062903645,-0.383596599,0.741696477
4088,0.29385570809938366,1298,0.24106985282980434,-0.675507069,0.799629509
3291,0.2933112090632689,569,0.29710343422730034,-0.713551998,0.82134974
9270,0.29260308898985804,493,0.21270659079061552,-0.642147541,0.727583766
6702,0.29257734998566465,6906,0.2652713706174324,-0.724293888,0.839008391
8133,0.2917645362015306,392,0.27570116351616497,-0.699898183,0.779869735
2181,0.2912632059733701,1089,0.2311254371553642,-0.716307163,0.781616569
8130,0.29078878017024795,605,0.2150956465333292,-0.475539267,0.845122039
2685,0.2905979582726708,1610,0.2532053169525689,-0.698862016,0.845288157
7740,0.2898641151048035,1145,0.19223634470960396,-0.676291525,0.791360617
6069,0.28939079795652173,230,0.24217350761319892,-0.63665992,0.808136106
7409,0.2889260466956522,23,0.3286256339181724,-0.694493413,0.748252153
4005,0.288783943077479,3459,0.26233408603202907,-0.731755733,0.832458436
8056,0.2885327212462988,743,0.27662743074340285,-0.719894886,0.813286006
4716,0.2880078722762148,1955,0.23996662105026792,-0.69193846,0.807701647
4493,0.28780398476657826,1131,0.24021659887637606,-0.657589436,0.835458279
8015,0.2876869252734314,1291,0.25268065950374335,-0.713069499,0.819567084
7701,0.2876103965548854,1658,0.23677435307439876,-0.727310598,0.838448524
7164,0.2869836549201389,288,0.27605430970858075,-0.664427221,0.845257342
6005,0.28610848274132494,634,0.22847192509580402,-0.609775364,0.73628372
4901,0.2860826383689091,5931,0.22981789758497598,-0.731507301,0.835288286
9418,0.28580881810689657,870,0.22492729292609626,-0.495815516,0.834923029
7148,0.28488604558124997,160,0.2411921609710641,-0.720319867,0.789535105
4488,0.28488554992114384,1154,0.22887615665554398,-0.528051734,0.819536507
8002,0.28440549784767394,2429,0.2415708953230989,-0.733387172,0.832533896
4490,0.28388304617692306,130,0.25714654230467765,-0.606658041,0.81294471
9513,0.28360296458917644,2125,0.25114578661211495,-0.705701113,0.803822756
4165,0.2835126303083333,360,0.235714262695825,-0.51845634,0.745513558
6645,0.2833736394161074,2086,0.24514781483429737,-0.740368545,0.780671716
4375,0.2815188805847751,867,0.29343577140611643,-0.703871608,0.843500197
6383,0.2809228029442897,359,0.2500262903219443,-0.704639435,0.818754852
7317,0.27988663415151516,33,0.2500167541923823,-0.261805415,0.818083227
6448,0.27917494548309707,917,0.2609230561317322,-0.688788533,0.832532704
3099,0.27901693175262116,3529,0.27308087516871316,-0.731632948,0.847428501
6753,0.278350052890365,7452,0.2439814840950692,-0.716951489,0.818128407
6724,0.2778157860805369,2980,0.2293892864085638,-0.725184739,0.822202504
4811,0.27761558827272725,121,0.2738629272477995,-0.548797011,0.803130805
4401,0.2775296006467066,167,0.23230629839508898,-0.705781758,0.686324835
9007,0.2772795986404692,6820,0.25853772594861213,-0.660707355,0.776349247
7157,0.27720483209114416,1547,0.27745962622706705,-0.701917171,0.836769044
7167,0.2770659245422078,308,0.27666064158663156,-0.688644052,0.827844858
2127,0.2770029793823272,1143,0.23022933010492547,-0.704192698,0.771593809
8253,0.2767821253333333,24,0.30434063467497036,-0.437183678,0.615869939
5019,0.2764205511570552,1630,0.2661941976166394,-0.727482915,0.799016595
5929,0.27615930076271183,295,0.23708090015131295,-0.54183805,0.836422265
9021,0.2759638686844737,8199,0.2804654715781681,-0.716755986,0.826050401
6674,0.275358764555336,506,0.28463952821006483,-0.720296562,0.841005981
7532,0.27492656265699483,965,0.258457646766291,-0.544032514,0.844123662
3563,0.274918264822335,1182,0.24694653490150645,-0.724637449,0.803008437
6613,0.2746746473969072,194,0.2492825791831991,-0.598298252,0.830937028
5026,0.27447670702970295,101,0.26712386842307295,-0.628077984,0.785732269
7752,0.2743464865544834,4249,0.2521881749740929,-0.739206195,0.839702189
1969,0.2737253438329466,431,0.2221732030765465,-0.515185416,0.817792356
5592,0.273222542015873,189,0.264822644462167,-0.543688715,0.792673469
7599,0.27258014362109373,512,0.23606386607823582,-0.537359715,0.787337184
2195,0.2721554414901961,102,0.21028212197382937,-0.396090209,0.72342658
8053,0.27146614761314986,654,0.27895104897049083,-0.709934771,0.812145293
4186,0.2710357339224138,348,0.281181439239671,-0.710403085,0.84673214
4684,0.2708250836313416,887,0.242204450333211,-0.51002723,0.836664855
6966,0.2701747763218391,261,0.3117897056500116,-0.723190308,0.817330182
9008,0.26830703204162015,6271,0.25423842761662946,-0.715662897,0.808928847
9218,0.2682229597605634,142,0.25635631200122644,-0.472030699,0.795719326
156A,0.26715269776855893,229,0.2688301400261667,-0.677639782,0.825627446
6094,0.26699035764814816,270,0.3000105773845844,-0.674858749,0.813436329
6806,0.2669316797553648,233,0.2985125246424183,-0.735031962,0.819828451
6544,0.26670186996899226,129,0.2475995097728711,-0.340601027,0.80227977
6471,0.2664514025879765,682,0.24399459775762886,-0.673332214,0.81151861
6501,0.26615102875550034,8045,0.25366521109582396,-0.741274714,0.839649141
4732,0.26578774854813136,883,0.2528537005584684,-0.71716398,0.828162014
9962,0.26570648528365387,416,0.2576854011257012,-0.683374047,0.829881668
6323,0.2654503483421053,152,0.2644392740295408,-0.641368032,0.847697079
9202,0.2647279262324196,839,0.2761397661519397,-0.684269547,0.783367693
1963,0.2643924380283688,564,0.2694491279959237,-0.711531699,0.815685391
5706,0.2643312267594981,2869,0.25937036818682246,-0.719012439,0.820779681
2670,0.2642458747268722,908,0.23481200379205644,-0.687767982,0.821850955
4013,0.2627155856060606,99,0.29536889117848547,-0.522035301,0.708895922
8354,0.26270337565804597,696,0.2679189022069651,-0.701831818,0.820247293
5842,0.2626504008318584,339,0.22376534233654696,-0.341769755,0.7944839
3088,0.2625612854908722,986,0.2564981098132306,-0.697523475,0.842225075
9001,0.2618962534712309,6865,0.24795936766807325,-0.71067363,0.841514528
5857,0.2613635414487651,1903,0.2238927015903868,-0.677502573,0.83845973
4324,0.26107461288619066,2759,0.263837640493629,-0.70098561,0.810874999
9744,0.26088075825925927,27,0.29384434342812366,-0.586470783,0.605768919
4182,0.2607914372090909,110,0.2772946263071587,-0.685190082,0.766317904
8306,0.25960293907052845,5317,0.28355635635179677,-0.709036767,0.844167948
8233,0.2595087091332043,5683,0.2484068488700521,-0.714681387,0.843002558
6762,0.25940612969041277,1502,0.2577821803087262,-0.719007611,0.819621444
8020,0.25932939634842767,795,0.24133366993419322,-0.737701833,0.81960696
8194,0.25901578786788776,2566,0.2529555688592797,-0.715083778,0.843897223
8111,0.25788820148580893,2114,0.21113210995449871,-0.590944767,0.826995909
6965,0.25786585194,550,0.2736172856630431,-0.71819371,0.830937028
6269,0.2576701186651584,221,0.2836178603821341,-0.716783881,0.742255986
6952,0.2574285677282131,3867,0.21459168396476358,-0.71720773,0.802859664
5201,0.2569725650940298,1340,0.2649564459382463,-0.706643581,0.792937756
7320,0.2567551192758621,58,0.30691577840629514,-0.595548511,0.784518123
6951,0.25552535231647333,2155,0.2663676781018928,-0.71720773,0.818444371
9166,0.2549465412572559,758,0.2558664698363895,-0.686169267,0.836489201
4768,0.2547666150545877,861,0.29935524163891836,-0.695503592,0.841039956
7674,0.25469212190526314,95,0.20926148656053647,-0.621810079,0.685471714
7779,0.2545922560098522,203,0.25339983967433277,-0.58689487,0.702328146
7105,0.2544201002198276,464,0.274986555781767,-0.71047008,0.768866777
2936,0.2539004712509225,1084,0.23116276788858023,-0.719351649,0.827920496
6504,0.25334891563270606,1541,0.2753421603737482,-0.730027378,0.81514746
9101,0.25325961053061224,2303,0.2748239011858163,-0.703716815,0.846282482
1928,0.25213186494446516,2683,0.2960433853940107,-0.702956498,0.828765035
7259,0.25132318410808396,2239,0.25644364250109136,-0.723136663,0.784275174
4043,0.2511895873533654,416,0.2556770954817533,-0.695604503,0.80364871
7731,0.2509558175971209,5071,0.22259692325743233,-0.739448667,0.809486747
7276,0.2509117828847518,564,0.29706142483639936,-0.698999405,0.834443867
2768,0.2508039993545483,3221,0.26210867552039896,-0.725466371,0.842111111
3288,0.25047311895978935,2089,0.26554978332855844,-0.706292808,0.822226048
6787,0.24983810735652173,115,0.2650794345495721,-0.537349105,0.810606778
5802,0.2489864225232,625,0.2801380284909476,-0.714051723,0.827870548
5714,0.24877001289528797,191,0.23330591901077863,-0.612235427,0.753775716
6723,0.24857407139753568,1542,0.35595974109958284,-0.728486955,0.831460953
6098,0.2484757839466843,4539,0.26008265289260074,-0.719242394,0.833571255
9009,0.24824020757495743,4696,0.24981177548057734,-0.703678727,0.788523018
9164,0.24821617931683168,101,0.23064238304324441,-0.164175808,0.828217328
4413,0.24797201155555554,27,0.2729265451489173,-0.338000178,0.677586317
8098,0.24729731877941177,136,0.2859327497927273,-0.602671862,0.81403023
3148,0.24692381144242423,165,0.30944647968537753,-0.709700465,0.836157918
9158,0.2464669305636364,110,0.31907667282627933,-0.646662712,0.749071121
9201,0.2459697842003353,8351,0.26710514587617235,-0.722869396,0.837558627
7729,0.24469724258199357,311,0.28024857454047986,-0.637462735,0.82230252
9227,0.24348745011111111,216,0.2696273949067848,-0.698615253,0.686328232
6976,0.24310342244322342,819,0.29176940109208277,-0.714823246,0.788728833
8473,0.24310009447578204,1982,0.260887035295951,-0.613996804,0.821226001
4478,0.24301049571139854,6185,0.23156377008150156,-0.672508121,0.82048285
9251,0.24293083698076925,52,0.3188868875410216,-0.727477372,0.673245907
9989,0.24288696132671198,1913,0.29172306574110407,-0.720378518,0.842660606
9065,0.24286559453598017,403,0.242619242582934,-0.648300052,0.827635705
8001,0.24269550327544787,4912,0.2511896944261487,-0.703094125,0.835890889
6856,0.24242296355475762,557,0.27283942175725634,-0.725977957,0.821853101
8279,0.24060690634964624,1696,0.27548996615230414,-0.703536808,0.845642865
9163,0.24028171591935482,62,0.2893496852042953,-0.666638017,0.817819178
5480,0.24010007976190476,105,0.219402497166716,-0.681650639,0.807336092
7649,0.23939112312964314,1373,0.2746997455809385,-0.735917807,0.842824697
8088,0.23898179140101009,990,0.23599452859252576,-0.664031327,0.791832209
9561,0.23871195558333336,84,0.2541115426752969,-0.522119224,0.623145759
165A,0.23865773170796462,113,0.2784518851432182,-0.703947604,0.738021731
4452,0.23844075310185184,5832,0.23893731340828278,-0.731137335,0.823890626
6368,0.23781929798113208,106,0.2483333061620326,-0.42934531,0.807260156
6301,0.23736251736178343,1570,0.27244236247825204,-0.735932708,0.844079494
2811,0.23718270887937062,1716,0.22504834056522,-0.712829053,0.811300099
7453,0.2371499508284437,3579,0.2712977263320739,-0.722231209,0.83532238
4203,0.2370294364409222,347,0.27706898716303807,-0.715810895,0.827870548
7792,0.23621237692695213,397,0.19465119838379824,-0.390451014,0.756790102
4004,0.23564155915994436,719,0.28555393709423726,-0.736715019,0.769883931
9766,0.2353786859516441,517,0.2421939278718184,-0.586123705,0.82461071
3900,0.23520050114605978,1472,0.24500294801634898,-0.571004748,0.822302341
4911,0.234981498,7029,0.22765020844672768,-0.716917515,0.833013356
4704,0.23494870754330524,8544,0.2075742313699349,-0.697820365,0.823270798
6141,0.23473949253417722,790,0.3071677570192952,-0.731673002,0.842739105
1605,0.23447000295741555,681,0.29486932212836947,-0.708620489,0.817617774
7270,0.2344480267953385,7637,0.23317121560368187,-0.733807683,0.838400364
3407,0.2334930966567299,3321,0.2553983335058808,-0.721124828,0.829176545
7762,0.2333842822752635,3226,0.18479427902641077,-0.69123292,0.816078722
3765,0.23330775314637905,1298,0.21120420278221838,-0.740374744,0.761869669
3697,0.23260747479734786,2941,0.22603175130670025,-0.699589968,0.825968802
9204,0.23243151125113634,880,0.26805616691134887,-0.688050449,0.800532401
3904,0.2324111142765232,2347,0.2076639670706755,-0.512904167,0.801581144
4385,0.23237991027695018,6243,0.263884085177906,-0.717470884,0.831843257
8031,0.23218026223105706,2138,0.2745540218069827,-0.707252383,0.823921621
6861,0.23203164952352942,1190,0.2564633117319415,-0.687583923,0.799874842
1925,0.23143884933302164,8555,0.25311762046792596,-0.748525858,0.829176545
3923,0.23136031123627906,1075,0.2490000498228893,-0.589939237,0.828228831
6028,0.23099380207017542,114,0.2691963418228538,-0.588695526,0.769408643
2767,0.23093611347321427,224,0.27807547874816885,-0.712060332,0.842893064
8795,0.23021923942025863,464,0.23418673599025266,-0.721992731,0.779810667
9343,0.22986800384139267,517,0.2653080456094144,-0.666307032,0.849576056
7061,0.22956603074418605,43,0.2875276988209035,-0.598817408,0.743818283
2998,0.22942400972463767,69,0.3074958666379272,-0.673709869,0.763838053
135A,0.22912123554054054,37,0.30630309823200097,-0.580373347,0.741070271
9110,0.2290956545098039,102,0.32141714186972115,-0.698550105,0.796782494
2384,0.2285695568498233,566,0.2797246641186135,-0.705231071,0.780168355
2678,0.22848932365184624,1327,0.32776910505412105,-0.735203028,0.84251821
6436,0.22841681910294118,476,0.26046382155498543,-0.69617188,0.838178515
1942,0.22838334267523364,428,0.2429053280675632,-0.483253896,0.801716983
4307,0.22824338549833148,1798,0.2788202441735769,-0.676466763,0.832249343
6176,0.22769830739207048,454,0.18443156632137958,-0.533878922,0.806983113
4194,0.2275578129452736,201,0.28095327964100825,-0.574342191,0.831895888
9348,0.227313211684,500,0.2762147295026008,-0.695319712,0.752966642
5244,0.2269206178945578,294,0.23498357700223202,-0.694277883,0.662062824
9064,0.22683143494676586,1747,0.3267584613268742,-0.721242249,0.828431308
7050,0.2266054995824176,91,0.2683094126039709,-0.577453136,0.81418097
7906,0.22653557240909092,1914,0.19805205996098058,-0.539902091,0.809063375
6902,0.22619607147738122,4399,0.2653229028271642,-0.757717371,0.831960738
7013,0.2258641694735013,2302,0.2897058597108582,-0.730095387,0.841667533
6503,0.22534137564974382,2147,0.2845344720109066,-0.692728162,0.83212316
6361,0.22425930336661465,1282,0.24618906145383568,-0.666630507,0.809788287
4613,0.224199027323185,427,0.2726767364432628,-0.675088167,0.822120488
7794,0.22374988361403508,114,0.256588264189961,-0.600888491,0.643773019
8515,0.22370262767108168,453,0.2786302958294896,-0.593543351,0.761207044
241A,0.223672007969697,33,0.3100405394464889,-0.303467095,0.623202741
7951,0.2232946826073925,8441,0.2229182457045038,-0.732994437,0.814822853
3991,0.22287985326340326,429,0.277397229329603,-0.632449865,0.71876061
4689,0.22283032575879763,1364,0.28038078407254013,-0.730812252,0.842994332
7936,0.2227422304276894,5345,0.19874849873647582,-0.722543538,0.82921946
6670,0.2226522767916667,72,0.2850571212375904,-0.462842464,0.808566928
5582,0.22219251290704226,1065,0.28686098202561944,-0.674345255,0.845282853
9041,0.22184590198642534,884,0.30814643199252756,-0.716539502,0.824519694
3793,0.22160709157880434,736,0.20930582982391754,-0.656962037,0.807349443
5344,0.2213171530350877,171,0.27467718922060436,-0.658997595,0.825431883
9434,0.2211149961612903,5921,0.23963004798660006,-0.709605336,0.826512814
6971,0.22105686682586775,5157,0.2638436581058018,-0.704150498,0.808249474
9735,0.2208954629063313,1153,0.2648135896649782,-0.694408953,0.821759343
5892,0.22082724780051152,391,0.23458735480086607,-0.565335333,0.829519391
8630,0.22062614757984866,2511,0.25202129534926965,-0.695110559,0.826132476
6465,0.21986416801526718,262,0.2639197278777277,-0.530986428,0.830422759
2413,0.21966570782656253,640,0.27068512224434843,-0.705629528,0.801364124
153A,0.2191498237906977,43,0.30087042449181906,-0.336999714,0.843707383
9143,0.21902571368113974,1474,0.2889917433422285,-0.71575278,0.819406211
5021,0.21880614470185186,540,0.29931329428815473,-0.733353257,0.770614743
248A,0.21874841493050193,259,0.2244632897250299,-0.552369475,0.677572131
9211,0.21870166231055901,161,0.25800614685237677,-0.592761338,0.807852328
7846,0.2183933375,538,0.17257857568076698,-0.433302224,0.669131994
1332,0.21741353885410333,658,0.22949702114688791,-0.731847167,0.835541487
3905,0.21735288933939392,330,0.2840606856343862,-0.666072011,0.796797574
4436,0.21728900746953403,279,0.2597046807232256,-0.593444824,0.676737607
5947,0.21646918344160582,548,0.2735605453164112,-0.69376725,0.827147186
4308,0.2156243065638298,282,0.21291216567836468,-0.500935555,0.8096627
141A,0.21493816408441557,462,0.29284628922288075,-0.721656263,0.837352574
5105,0.21489239579093483,1765,0.22108681988394585,-0.706413388,0.811398864
6963,0.21469105308134437,2053,0.26992113667000583,-0.703065395,0.792430043
5570,0.2143261792839506,162,0.2549406290947147,-0.685713053,0.805689692
8309,0.21415423641228068,114,0.29407041262456657,-0.653044999,0.81433928
6254,0.21413668785148512,101,0.29607697201472294,-0.726293564,0.788966894
3003,0.21413649101957447,2350,0.2385297073737624,-0.665125906,0.817054987
7550,0.21409857452736686,1352,0.26272255886087037,-0.714613616,0.841545522
3979,0.2133003315595238,336,0.2588751447814724,-0.492067933,0.743638515
9697,0.2130274297841232,6689,0.19751721343739514,-0.686309755,0.831967473
8136,0.21280182997220892,8348,0.1947209148702155,-0.720588446,0.817414582
7733,0.2125290280911615,2161,0.27017889627801467,-0.708971798,0.815686226
9022,0.2123620310212799,6391,0.2699287120260148,-0.690796971,0.835851312
6590,0.21223796178494622,93,0.2778460001398642,-0.701116621,0.795302749
8113,0.21192037346528625,1642,0.22349830703181547,-0.712969661,0.820291877
6305,0.2114894732841638,2027,0.29646047929074615,-0.739272714,0.839649141
6273,0.21111089603052327,688,0.2613225507636673,-0.730029643,0.777096868
6417,0.21063789808403363,1071,0.23213505695827127,-0.729558468,0.847599864
4575,0.21012900347561836,4245,0.18889107921047818,-0.590010285,0.739794135
8601,0.21011354016472547,8414,0.25738144654160056,-0.748525858,0.828678012
3186,0.21001251114785371,629,0.3219635417778288,-0.693692744,0.807180703
7202,0.20975354963973356,3453,0.26370323326172335,-0.724192023,0.848012447
8725,0.20968257853485064,703,0.27335753289323883,-0.708524346,0.817760885
6432,0.2085591508207547,212,0.29756584688698345,-0.730249345,0.822715223
3659,0.20815789972301815,1047,0.23819406604812218,-0.706422448,0.835307896
6367,0.2073621636693957,2565,0.2528310383836404,-0.705651999,0.834127724
8697,0.20735315770743087,3001,0.27884594326165185,-0.695018172,0.841747522
6561,0.20733697087804878,41,0.38111557712057936,-0.651090741,0.731827259
7094,0.2073225327715736,197,0.2648871622914739,-0.593886077,0.817358196
4612,0.20710720982890365,602,0.2596306830665769,-0.656892717,0.839220643
215A,0.20694894860333332,600,0.3071636542004808,-0.669915199,0.81733346
4681,0.20669048587982455,1140,0.2552120770833432,-0.669099331,0.827991366
4258,0.20667010685927506,469,0.28620390385134875,-0.6777426,0.828086793
3405,0.20662868664589235,706,0.255673979189054,-0.693874121,0.774211943
4978,0.205825808484127,126,0.2516246982232613,-0.52872777,0.717759073
7683,0.2050703651948718,195,0.23192002171675064,-0.262830943,0.816345513
2937,0.20448995627985075,268,0.22853404445129724,-0.705230772,0.83073467
5711,0.20441537844092827,474,0.28802008477363417,-0.717775106,0.727130651
5801,0.20424781528787878,330,0.29408448341652427,-0.688995481,0.837205172
8331,0.20340624821321962,1407,0.28244294057629804,-0.697524726,0.829083025
3653,0.20287378138970588,408,0.2266660664874184,-0.561205447,0.741023421
7261,0.2027832644023787,8492,0.23318688693242165,-0.712093115,0.840516567
6758,0.20258336804551147,2395,0.2532463399703409,-0.715493441,0.826096237
3692,0.20212042463043478,138,0.261938920885056,-0.640245914,0.700467288
6224,0.20211299177316294,313,0.19285794100866163,-0.313949734,0.778423309
3349,0.2013560264359233,991,0.2948074439569957,-0.712956727,0.843648732
5243,0.2013162603900369,2710,0.2196032207867778,-0.628388047,0.750998974
2168,0.20131327000355714,2249,0.21521917685112912,-0.717657387,0.804450154
8308,0.20090346629832714,1076,0.2850957259890974,-0.685551345,0.814802468
3092,0.2007112199956199,5251,0.24894375939270516,-0.705571294,0.842853665
1721,0.19958166402083333,48,0.3317096581943325,-0.597068906,0.809655547
8252,0.19953774285260772,441,0.28646644002677657,-0.620513737,0.833305359
6841,0.19952296558870966,124,0.3038525121644718,-0.685718358,0.83118403
4543,0.19924131092523364,642,0.2612139094738946,-0.695309281,0.80666697
2173,0.19911486106782686,2241,0.18798627601731696,-0.612638116,0.823260665
2379,0.1988738482252525,1980,0.22214594920559458,-0.676181436,0.833549976
8766,0.19874574125680355,4042,0.27132976421552124,-0.743490756,0.818458676
6302,0.1970508785019305,1295,0.29553014998128224,-0.719937503,0.811864674
6981,0.1969506926,1125,0.32392727122388065,-0.712702632,0.82694155
4176,0.19689356578661088,239,0.30001366342146824,-0.594411433,0.749357879
9843,0.19662977658907027,1409,0.3146182248962386,-0.721389234,0.842228055
2222,0.1963568970049751,201,0.29972934977100973,-0.710499287,0.830015242
3116,0.19620331899242424,1188,0.26948784316347885,-0.723136663,0.776336789
6255,0.19594295922077923,77,0.2515856405788554,-0.68851769,0.637833774
1719,0.19535493818506997,643,0.30238575643239174,-0.657542408,0.816283286
1518,0.1952855705408805,159,0.2788508431096647,-0.576312542,0.801425815
8830,0.19528203956844306,957,0.33266107983923565,-0.707763672,0.827246249
8802,0.1952512120648148,108,0.3590205870025745,-0.690546274,0.780066431
5411,0.19515883246038393,2865,0.26163503780072833,-0.710492194,0.820652783
7803,0.1949190010805652,4034,0.19135183886207344,-0.704759777,0.816247165
6101,0.19491371212244898,49,0.36962817522213526,-0.660296023,0.810889244
7003,0.19486611433106266,734,0.3025854312755673,-0.711192548,0.790382266
9024,0.19437966028216852,1531,0.3084359486194654,-0.717337608,0.832853794
2587,0.19416196997620713,1429,0.21838389564806385,-0.71406275,0.819978833
6954,0.19400468254307524,917,0.3037037707883201,-0.718565583,0.822944641
7203,0.1932899948387022,8630,0.2687868808819874,-0.707570791,0.842324257
4062,0.1931051513764706,340,0.2987866422466261,-0.716364324,0.828670859
4666,0.1926157941388889,2844,0.2583033190688201,-0.692649543,0.84351778
2802,0.1923117032906685,4383,0.23869716708430047,-0.713243186,0.828260362
5254,0.19212479372277227,101,0.2708009040507721,-0.684510231,0.817932665
7014,0.1919058293974122,541,0.26653883956638796,-0.70311904,0.782967091
5253,0.19171838652022885,2447,0.20143827831788755,-0.660278559,0.827420771
5805,0.1914953743064516,124,0.2941666055394429,-0.68536216,0.774342716
5108,0.19115420966488453,4676,0.23384581705710503,-0.751383662,0.840275168
6113,0.19104637440041491,482,0.2508604437880307,-0.710695505,0.773050129
9560,0.19070342454589373,207,0.29912359744862277,-0.559692383,0.725079179
3401,0.19021611759169552,1156,0.26541359626273364,-0.74321723,0.843839705
6849,0.19015192949425286,174,0.3079529561828156,-0.704939187,0.806946099
6030,0.1897006266239521,8350,0.19620850342069154,-0.637048781,0.801312506
4626,0.18935151338523645,867,0.2732490416583905,-0.683732629,0.789590776
4587,0.18919552054371003,469,0.26633515331309526,-0.706697285,0.800972998
9090,0.18828652135897436,234,0.3142194705293367,-0.700401783,0.803997159
4091,0.18821812584269662,178,0.2749643487994193,-0.700017095,0.737303615
4042,0.18778715490114944,435,0.2645753742016485,-0.704851687,0.83015573
8804,0.18771782074681756,707,0.27541868980373957,-0.603752792,0.7568326
7012,0.1875360504620743,1292,0.3029529184815287,-0.714225292,0.768148601
186A,0.1861637063909091,110,0.34068071418188683,-0.665813923,0.683776557
6568,0.18614234794339624,106,0.2669024159805392,-0.599635541,0.797289968
8078,0.18609221103947368,304,0.26818951488959164,-0.662303269,0.697558343
7806,0.18577359500942803,3182,0.20598813760820037,-0.679886222,0.840232193
3635,0.18459601282134572,431,0.31798353883403624,-0.717146575,0.836290479
244A,0.18421285005,20,0.3077598438023934,-0.22356835,0.635073841
6103,0.18409706683534136,249,0.3315483671890027,-0.701768756,0.850451171
205A,0.1834018721081081,37,0.2790822459967454,-0.684802115,0.821075618
5332,0.18253450872615384,2275,0.24942295185993163,-0.713454962,0.833268702
7269,0.1817459144024119,8541,0.233586151686721,-0.725860834,0.843871474
3086,0.18167679078808477,2501,0.3377807331796261,-0.72413671,0.847428501
1662,0.18163814327478042,797,0.2844175997032919,-0.708620489,0.794460535
6532,0.181523623171926,919,0.2470674235165583,-0.674242258,0.827235341
1959,0.18145365271861472,924,0.2414146018864939,-0.675022483,0.821238697
7272,0.18139469276398104,1055,0.2810217658795144,-0.678550124,0.814822853
5803,0.18074409155270654,1053,0.23339539139789772,-0.647822618,0.813461125
3289,0.1805348400909091,275,0.30258284636704214,-0.71595031,0.827246249
5032,0.18052502899198075,1247,0.2242838509782804,-0.711463392,0.823933065
7182,0.18040483737888782,2122,0.30605201729643877,-0.687098861,0.843573153
9509,0.18034881697457628,2242,0.3081872586656909,-0.719480753,0.823098421
7011,0.17994064842139174,2328,0.2936913670319025,-0.703737736,0.83057338
5233,0.17989732092444444,225,0.27670097947837613,-0.618639886,0.827135503
6574,0.17945116735714284,140,0.28633116757577487,-0.637659967,0.749031961
7267,0.17888016483064983,8633,0.24309966648287587,-0.732344329,0.83485055
4183,0.17832136057954545,2376,0.2888412860957484,-0.718978643,0.836257815
3436,0.17787723162539681,315,0.3246061207411553,-0.725726187,0.797067165
7096,0.17776006747945206,146,0.33455554505767077,-0.62819922,0.724217951
7309,0.17773870609086584,2102,0.199484801237399,-0.709903538,0.809237897
4403,0.17736107283506045,1158,0.2688495212108288,-0.722286642,0.814534664
246A,0.1765160264,10,0.21504859389012868,-0.337010443,0.425648481
4722,0.17531595713803985,5071,0.23157290706157807,-0.673009694,0.795682192
6201,0.17526864867820852,2657,0.28441533290526105,-0.720234156,0.843824387
4208,0.17470313737391305,1035,0.25904340584627406,-0.741805494,0.781871974
7867,0.17460731353679226,5069,0.1901552080723617,-0.631819427,0.833687723
8304,0.17446070497560975,492,0.3163240721147219,-0.694558561,0.809339225
3914,0.1742686332760181,221,0.24260024241257333,-0.528481424,0.720469058
3391,0.17373259982749079,1084,0.3356458009014991,-0.71907872,0.841400623
8316,0.1732892561796821,1447,0.2963963347522557,-0.731755733,0.820779681
7564,0.17279394549919166,5567,0.2167704911528633,-0.706223369,0.82396853
7832,0.17271879629645095,479,0.3703050557835089,-0.715545356,0.842526913
5246,0.1726769870313364,1085,0.22842174669805404,-0.537183046,0.817432702
6857,0.17212381182539682,315,0.29901626707799606,-0.655765653,0.83471024
4661,0.17104546032850942,691,0.3118716857679129,-0.72129494,0.828808308
3140,0.17051925253938965,1409,0.2106621138178845,-0.516610324,0.78601408
8035,0.16936949779386712,587,0.3397533951798755,-0.714026809,0.836359978
7282,0.16921616391741168,2349,0.2633756585874635,-0.705718398,0.828670859
9531,0.1685142510499627,2682,0.2774797746614181,-0.703587949,0.843127131
8174,0.1670459483974563,629,0.28006358450649566,-0.679312527,0.818400025
9147,0.16685933396313365,217,0.30126248393566035,-0.711605847,0.820078909
5076,0.1663935134487805,410,0.2657015822517104,-0.710909426,0.807884455
4888,0.16625650448844884,303,0.29681610417959087,-0.655887246,0.79008913
2871,0.16580078499457176,1658,0.24323704964126364,-0.722624421,0.801186621
7419,0.16565922834963845,2351,0.23484646140827747,-0.692856371,0.837369025
8058,0.16483264931900604,1489,0.310507215400266,-0.714471579,0.818279266
6521,0.1646427065828877,187,0.29439200274129673,-0.642398715,0.806225538
6557,0.16443503774509804,51,0.3383361642693494,-0.709595621,0.694138944
2264,0.16372970085455743,3039,0.2307586015520402,-0.707315385,0.763952255
4021,0.1622376215087217,3841,0.2611533788186482,-0.711168647,0.837747157
5333,0.16208238850331128,1057,0.2564640268882464,-0.70388025,0.804118514
4523,0.16137114478222223,1350,0.2818117177705435,-0.70429641,0.827742338
5423,0.16030142186943622,337,0.3173918955654383,-0.687005639,0.814890563
6473,0.1595956439987245,1568,0.2871026994482899,-0.713371873,0.784275174
4055,0.15958372690909092,22,0.28362298498131594,-0.378424704,0.776140988
4772,0.15895606098630138,292,0.185228904450911,-0.39288187,0.597248495
9119,0.15886646437555554,450,0.28729474365784186,-0.704100013,0.841327429
4527,0.1578914903012869,2642,0.22965275375891464,-0.683022857,0.839309514
9508,0.15736413958512835,3389,0.3132495774686908,-0.705862939,0.797700644
4896,0.15732666595192307,104,0.2677309072982603,-0.514873207,0.623343349
5471,0.15730351111485452,653,0.2626512089120653,-0.71045512,0.785601735
5334,0.15705759531522634,1215,0.2303863920217373,-0.679313481,0.820731461
4563,0.15662688269066666,375,0.28925528664243694,-0.747349322,0.808225751
4519,0.15537175455006674,1498,0.2820431473740886,-0.718449771,0.838894665
2124,0.15490374912500002,136,0.29077456909911875,-0.602492213,0.815206528
4393,0.15488599810377357,424,0.23581635690506816,-0.706558168,0.787609458
4063,0.1547604520283856,1691,0.2954085013949612,-0.748376727,0.825352788
2229,0.1544988682989792,5094,0.20110130888845107,-0.685887218,0.84432143
5713,0.15445107397047972,271,0.31121101105527926,-0.683199286,0.802120864
7741,0.15315135110093459,535,0.31382304422689195,-0.699442744,0.808727562
7774,0.1522127823636364,220,0.28784265063282644,-0.637722671,0.830987036
4593,0.15091331470408162,686,0.23405027099528283,-0.598318577,0.798053324
5301,0.1504653622179931,289,0.30011684560894125,-0.691582382,0.774469614
4578,0.14977685701182034,846,0.32628266018410523,-0.734595001,0.838448524
4751,0.14964045708453366,8470,0.2512993564575611,-0.705977023,0.831172943
6707,0.1494381186075472,265,0.33169139565681743,-0.668834567,0.700020194
6506,0.1493597396037296,429,0.32558149750224585,-0.736433864,0.797236741
5406,0.14931771467100374,538,0.3117626094913856,-0.690546274,0.82193625
7744,0.14904829575182482,137,0.28766519757872094,-0.569078505,0.614161074
6612,0.14852998192619926,813,0.26876252497435243,-0.744690776,0.843329549
2875,0.1484951473470562,2259,0.19529024541145898,-0.700931132,0.805778921
9532,0.14810866261166622,3703,0.2695567880359265,-0.699568272,0.829126298
2503,0.14801389245317356,2253,0.306586960541743,-0.719619095,0.839220643
9507,0.14687481669672542,1985,0.320847067669818,-0.719480753,0.825208604
7004,0.14669244988018434,217,0.3071048898118817,-0.7251513,0.762363672
6562,0.14616058416071429,952,0.2482450753294362,-0.533961833,0.845831573
6326,0.14464031149079515,2553,0.26244567715619654,-0.716620803,0.826025009
5020,0.1443094807721519,3713,0.2868279086554814,-0.727482915,0.819466591
8604,0.1442561248042629,8445,0.26318951230730203,-0.726293564,0.820795774
4175,0.14403452840880504,477,0.1984179066186824,-0.711147904,0.684693158
5831,0.14400734954790417,334,0.22932191756374756,-0.599215388,0.766992211
9983,0.143884586324498,1245,0.2928786024390222,-0.726365089,0.829222679
8154,0.14271694087453876,1355,0.24544033572286317,-0.701229393,0.810839415
7974,0.1427059221976055,8436,0.24078212935612914,-0.728957891,0.835031569
2201,0.1425559658361386,4040,0.2006898320644338,-0.70219928,0.825617969
9506,0.14236765152199687,3205,0.32054423978593327,-0.712464809,0.788094342
6479,0.1422604806005188,771,0.26541014273612074,-0.704150498,0.836806059
194A,0.14225368464705884,17,0.2801254722424462,-0.333670616,0.78962189
8411,0.14191075951934287,1887,0.3049773817226321,-0.736672461,0.835222065
3038,0.14165586247103568,1709,0.25901668757511276,-0.71245575,0.830961704
3141,0.13998266467464635,919,0.3284429093714036,-0.712956727,0.845463276
6460,0.13838511214814814,702,0.31629864933982615,-0.735172808,0.825534344
6869,0.1380204706479648,909,0.24732283191764143,-0.700241446,0.815756619
3402,0.136477393174856,2951,0.25976417275067853,-0.76453495,0.82849437
9502,0.13499402518099382,2757,0.3046032582280866,-0.6971156,0.807148814
6031,0.13497675469616313,2893,0.2229396063480884,-0.580300331,0.730521321
5214,0.13371556990697675,43,0.37264428415096484,-0.704817653,0.801716983
4202,0.1336478422063492,630,0.24707276815575444,-0.710064232,0.696684241
7211,0.1332176722146986,1211,0.33307806059616096,-0.727914095,0.842273474
1803,0.13308423110249307,361,0.2532574155265,-0.724405587,0.772745788
6594,0.13273552035806097,2723,0.3071594813275485,-0.714406133,0.831061959
9503,0.1326514745362776,2219,0.3235541724529025,-0.699568272,0.784683108
8848,0.1322555218857143,770,0.34605401353160076,-0.718046665,0.778306484
2267,0.1320391003182093,1653,0.26786012125445696,-0.721316993,0.826864779
8227,0.13171216155952778,6014,0.22170430603199967,-0.717157841,0.840898097
2702,0.13136592244296577,1052,0.30948598845546055,-0.71595031,0.843500197
3861,0.1313082279370079,889,0.3124993579752652,-0.71819371,0.831466854
9984,0.13093899182519864,881,0.279521822842887,-0.721687973,0.812797427
4568,0.12960980559255142,3598,0.28070043983480947,-0.734595001,0.84464395
7201,0.1287142017164179,2412,0.311789323860943,-0.728794456,0.834133744
4061,0.12770047606237425,994,0.23951777760826645,-0.735420108,0.805766225
1447,0.12724610105882353,17,0.2577489469163487,-0.393329471,0.665585756
7459,0.12701014347181008,337,0.3076152867000014,-0.666837931,0.781956553
9684,0.12628725333532934,501,0.3570068349699627,-0.734314442,0.834819138
7747,0.1260511671622276,413,0.2156581416643139,-0.685204864,0.770545185
3558,0.12474311964795919,196,0.2780056146091775,-0.718685269,0.808878243
7944,0.1234478967886303,2621,0.2370957776801278,-0.691659987,0.820229948
6770,0.12263186282252558,293,0.28412704803693817,-0.716032743,0.764588475
5631,0.12259159925617502,1417,0.29358572564323115,-0.75270772,0.827359617
9107,0.12227252804294478,163,0.3526414456659608,-0.724525273,0.846282482
8572,0.12151651638992043,377,0.2569580970604431,-0.593543351,0.788354695
2531,0.12078628008344548,743,0.28957656808637927,-0.723820567,0.791674852
1801,0.11943188865217393,161,0.37856478799009025,-0.724405587,0.826328218
2432,0.11639308026086957,23,0.32895667459872063,-0.582908154,0.746962547
3382,0.11278150925143221,4713,0.2954396985511367,-0.724819541,0.844607651
6178,0.11216493018540381,3727,0.32007463004606523,-0.752513468,0.83944422
4894,0.11192808727884615,104,0.23778729401804186,-0.675565958,0.50975132
2914,0.11161489849642574,3777,0.24903387973547558,-0.746576846,0.82084769
3723,0.11155514654992549,1342,0.18869903082386824,-0.716706693,0.837056696
3107,0.11117434418055555,72,0.36926795830116266,-0.633572221,0.825892925
2502,0.11025975190637052,7519,0.2379763026997034,-0.707253158,0.828186095
3911,0.10941235947228917,1245,0.1987160358733271,-0.706672013,0.835046947
4599,0.10933674343243244,37,0.2785292067518871,-0.353077531,0.554706454
4912,0.10795559990517503,6570,0.22844884706525823,-0.691252053,0.82529372
8584,0.10746441896244636,932,0.26267355558322214,-0.643270135,0.815140426
4516,0.10670643969268293,1845,0.258677583825634,-0.734595001,0.819186091
4503,0.10632870783061049,1163,0.31406825324935544,-0.734595001,0.816523612
2497,0.1060910331615004,7678,0.2343550399770364,-0.707493067,0.832749248
9302,0.10556653525851198,793,0.3025158149923431,-0.683310032,0.833646476
4263,0.1041559068,65,0.29099347131333536,-0.608287454,0.661762953
6920,0.10355386694339623,265,0.3681880023002863,-0.698372781,0.805331647
4891,0.10310228933333332,33,0.2559953525161381,-0.496437192,0.592471242
4151,0.10294164068292683,1148,0.2882723356987328,-0.706033766,0.833554387
6146,0.1029167102881586,3682,0.2130851994414629,-0.717242002,0.830147266
4506,0.10180693333796297,1296,0.3115845678595751,-0.734595001,0.844353378
6752,0.10135334273699016,711,0.3388066184227612,-0.722006381,0.814028084
2897,0.10104436717611026,2612,0.18443957119617774,-0.710799873,0.830289483
4890,0.10101930630434783,115,0.2783159102834096,-0.630673587,0.627108514
9999,0.10019172526577978,14132,0.2718360495444042,-0.703911841,0.820135117
6086,0.09976519883333333,12,0.2339407222639033,-0.199736834,0.513706684
4571,0.09687893707999999,75,0.2456919494739889,-0.678245783,0.528172791
7205,0.09644359565994741,1141,0.35144357067788695,-0.696792364,0.842253804
7716,0.09617816526027398,511,0.2076063281610496,-0.701918066,0.652236998
4528,0.09553233441357235,781,0.32647756326281785,-0.734595001,0.834577858
9162,0.09449670132516703,898,0.2178035725298713,-0.525397062,0.841404438
3549,0.09423107430491802,915,0.29217834804161874,-0.707122087,0.841659367
6526,0.08989014720833333,24,0.39153877756131733,-0.687600434,0.813799381
2269,0.08919105062647445,763,0.30990524884750353,-0.732464731,0.840678513
1419,0.08903205653986332,439,0.28847857247249403,-0.73229748,0.833765626
2801,0.08872579867741935,31,0.3410125827364242,-0.667657495,0.698509276
206A,0.0878751608695652,46,0.3108920192573809,-0.562249422,0.61393857
3133,0.08522628947690014,671,0.22332930354354896,-0.623651683,0.665490389
7735,0.08429473638461539,78,0.31128592270251476,-0.696318805,0.636083484
9467,0.08196826797640118,678,0.2362619422650678,-0.716980278,0.841154099
177A,0.08185749094029851,67,0.33275395245502865,-0.563591182,0.755863547
1812,0.07679859805067984,8090,0.22756777911928228,-0.727939367,0.780947924
2501,0.07590712156117146,2117,0.29349131391017885,-0.719619095,0.828769505
198A,0.07303923823076923,13,0.31800105493679376,-0.616202891,0.518373549
7776,0.07294492982432432,74,0.2840241316117404,-0.592870176,0.655133784
4507,0.07246527130752688,1860,0.29965933322669064,-0.730113447,0.827742338
5401,0.07187059520376915,4245,0.292355025213563,-0.71455586,0.827362895
9501,0.07002645961137899,1037,0.3211064952965479,-0.702536523,0.823314011
4680,0.06999900006602604,3226,0.2506546396119474,-0.691007972,0.834667861
4579,0.06830331192827004,237,0.30503847778507015,-0.666638017,0.808528781
4902,0.06676377243589743,39,0.25441299995314065,-0.491488039,0.620740891
8750,0.06325091553265766,2664,0.28617897358947725,-0.719557047,0.798373461
192A,0.061919448045454545,22,0.3410671549249967,-0.662156999,0.527242243
9602,0.06110763486517137,3968,0.2339097707430638,-0.706911147,0.832257211
151A,0.0607989325941278,579,0.23280177223116433,-0.450576782,0.66213727
4592,0.06054284003094463,614,0.2843262127329484,-0.730113447,0.794378638
4816,0.05959682283763736,3640,0.21630752673701112,-0.732409894,0.828936934
9245,0.05891262129636202,1127,0.22038670197463145,-0.553244352,0.755360842
2002,0.055477988692307696,78,0.3473514214556279,-0.621393859,0.772717476
4582,0.05492468291156463,147,0.30753415561370545,-0.636972845,0.713849664
6586,0.05457289087797468,1975,0.21648610090632442,-0.711736798,0.820229292
4967,0.046440251229216155,2526,0.2950177466415256,-0.738182366,0.835397303
4588,0.04615249941150442,226,0.29773101649076605,-0.663750887,0.718762934
5393,0.04423150932608695,46,0.3277088853095615,-0.510744214,0.540458679
4502,0.03952999891324921,8242,0.21387732093768727,-0.734595001,0.827742338
7777,0.03592105149342105,152,0.3314481402751916,-0.62819922,0.803991914
7707,0.02850543600735294,136,0.3088754231178027,-0.62819922,0.641976118
4188,0.02636543429389313,262,0.3515714040368427,-0.701224983,0.813070059
4597,0.026357962809523808,168,0.3236085282013401,-0.655887246,0.704574645
7079,0.025388680500000003,4,0.450256585652058,-0.587996602,0.496341705
8591,0.025179250242726516,8421,0.2361721663671379,-0.7313627,0.834630966
2160,0.02442461013294798,173,0.3033246465502913,-0.62819922,0.711959422
4893,0.023983331794117647,68,0.2547309277117076,-0.586036742,0.623343349
3360,0.023312993927875243,513,0.15759192991176593,-0.547548473,0.683247566
7186,0.021686393000000005,5,0.2863535950572183,-0.343047708,0.457047343
5101,0.014965884773809526,84,0.3048528216204071,-0.70483923,0.754475057
219A,0.013174479928571427,42,0.37216979789654875,-0.602320433,0.782101512
2370,0.004893648373493979,83,0.294995188810754,-0.581026971,0.772273302
5991,0.003145794163461538,104,0.3622720677921663,-0.681267738,0.553092718
4564,-0.0013092886090225583,133,0.29649806669705403,-0.62819922,0.624352515
4882,-0.0061709953962264166,106,0.28336886911385506,-0.62819922,0.53304559
6988,-0.014887645180909544,2001,0.29013617190980756,-0.699472368,0.740083694
2282,-0.020453063915319748,5692,0.20250345583515042,-0.718695223,0.730255783
4572,-0.03220090074838709,155,0.29137483909289175,-0.65200901,0.624352515
6027,-0.045142375654757566,2743,0.27860929998203066,-0.644278944,0.832312703
190A,-0.04731472902777777,36,0.25670825967334887,-0.61653769,0.595579386
